Code_com,Nom_com,Rang1,Rang2,Rang3,Rang4,Rang5
35001,Acigné,Rennes,Vitre,Fougeres,Chateaubriant,Dinan
56001,Allaire,Redon,Ploermel,St-Nazaire,Vannes,Auray
22001,Allineuc,St-Brieuc,Pontivy,Guingamp,Paimpol,Carhaix
35002,Amanlis,Rennes,Vitre,Chateaubriant,Fougeres,Laval
56002,Ambon,Vannes,Auray,Redon,St-Nazaire,Ploermel
22002,Andel,St-Brieuc,Dinan,St-Malo,Guingamp,Paimpol
35003,Andouillé-Neuville,Rennes,Fougeres,Vitre,Dinan,Avranches
35005,Arbrissel,Vitre,Chateaubriant,Rennes,Laval,Chateau-Gontier
35006,Argentré-du-Plessis,Vitre,Laval,Fougeres,Chateaubriant,Chateau-Gontier
29001,Argol,Douarnenez,Brest,Quimper,Pont-L'abbe,Morlaix
56003,Arradon,Vannes,Auray,Lorient,Ploermel,Pontivy
56004,Arzal,Redon,St-Nazaire,Vannes,Ploermel,Auray
29002,Arzano,Quimperle,Lorient,Concarneau,Auray,Carhaix
56005,Arzon,Auray,Vannes,Lorient,Ploermel,St-Nazaire
35007,Aubigné,Rennes,Fougeres,Dinan,Vitre,St-Malo
22003,Aucaleuc,Dinan,St-Malo,St-Brieuc,Rennes,Ploermel
29003,Audierne,Douarnenez,Pont-L'abbe,Quimper,Brest,Concarneau
56006,Augan,Ploermel,Redon,Vannes,Rennes,Pontivy
56007,Auray,Auray,Vannes,Lorient,Pontivy,Quimperle
35008,Availles-sur-Seiche,Vitre,Chateaubriant,Laval,Chateau-Gontier,Rennes
56008,Baden,Auray,Vannes,Lorient,Pontivy,Ploermel
35009,Baguer-Morvan,Dinan,St-Malo,Avranches,Rennes,Fougeres
35010,Baguer-Pican,St-Malo,Dinan,Avranches,Fougeres,St-Hilaire-Du-Harcouet
35012,Bain-de-Bretagne,Chateaubriant,Rennes,Redon,Vitre,Ploermel
35013,Bains-sur-Oust,Redon,Ploermel,Vannes,St-Nazaire,Chateaubriant
35014,Bais,Vitre,Rennes,Chateaubriant,Laval,Fougeres
35015,Balazé,Vitre,Fougeres,Laval,Rennes,St-Hilaire-Du-Harcouet
56009,Bangor,Auray,Lorient,Vannes,Quimperle,St-Nazaire
29004,Bannalec,Quimperle,Concarneau,Quimper,Lorient,Carhaix
56010,Baud,Auray,Pontivy,Lorient,Vannes,Quimperle
35016,Baulon,Rennes,Ploermel,Redon,Chateaubriant,Dinan
29005,Baye,Quimperle,Concarneau,Lorient,Quimper,Pont-L'abbe
35019,Bazouges-la-Pérouse,Fougeres,Avranches,Dinan,Rennes,St-Hilaire-Du-Harcouet
35021,Beaucé,Fougeres,St-Hilaire-Du-Harcouet,Vitre,Mayennes,Avranches
22209,Beaussais-sur-Mer,St-Malo,Dinan,St-Brieuc,Rennes,Avranches
35022,Bécherel,Dinan,Rennes,St-Malo,Ploermel,Fougeres
35023,Bédée,Rennes,Dinan,Ploermel,St-Malo,Vitre
56011,Béganne,Redon,St-Nazaire,Ploermel,Vannes,Auray
22004,Bégard,Guingamp,Lannion,Paimpol,Morlaix,St-Brieuc
56012,Beignon,Ploermel,Redon,Rennes,Pontivy,Dinan
22005,Belle-Isle-en-Terre,Guingamp,Lannion,Carhaix,Morlaix,Paimpol
56013,Belz,Auray,Lorient,Vannes,Quimperle,Pontivy
29006,Bénodet,Pont-L'abbe,Quimper,Concarneau,Douarnenez,Quimperle
22006,Berhet,Lannion,Guingamp,Paimpol,Morlaix,St-Brieuc
56014,Berné,Quimperle,Lorient,Carhaix,Pontivy,Concarneau
56015,Berric,Vannes,Redon,Auray,Ploermel,St-Nazaire
29007,Berrien,Morlaix,Carhaix,Lannion,Guingamp,Quimper
35024,Betton,Rennes,Vitre,Fougeres,Dinan,Chateaubriant
29008,Beuzec-Cap-Sizun,Douarnenez,Pont-L'abbe,Quimper,Brest,Concarneau
56017,Bignan,Pontivy,Vannes,Ploermel,Auray,Lorient
35025,Billé,Fougeres,Vitre,St-Hilaire-Du-Harcouet,Rennes,Laval
56018,Billiers,Vannes,St-Nazaire,Redon,Auray,Ploermel
56019,Billio,Ploermel,Vannes,Pontivy,Auray,Redon
22055,Binic-Étables-sur-Mer,St-Brieuc,Paimpol,Guingamp,Lannion,St-Malo
35026,Bléruais,Ploermel,Rennes,Dinan,Redon,Pontivy
22008,Bobital,Dinan,St-Malo,Rennes,St-Brieuc,Ploermel
29010,Bodilis,Morlaix,Brest,Carhaix,Douarnenez,Lannion
56020,Bohal,Ploermel,Vannes,Redon,Auray,Pontivy
29011,Bohars,Brest,Douarnenez,Morlaix,Quimper,Pont-L'abbe
35027,Boisgervilly,Rennes,Dinan,Ploermel,St-Malo,Redon
35028,Boistrudan,Vitre,Chateaubriant,Rennes,Fougeres,Laval
29012,Bolazec,Carhaix,Morlaix,Lannion,Guingamp,Paimpol
22107,Bon Repos sur Blavet,Pontivy,Carhaix,Guingamp,St-Brieuc,Quimperle
35029,Bonnemain,Dinan,St-Malo,Rennes,Avranches,Fougeres
22011,Boqueho,Auray,Vannes,Lorient,Pontivy,Ploermel
29013,Botmeur,Guingamp,St-Brieuc,Paimpol,Lannion,Pontivy
29014,Botsorhel,Morlaix,Carhaix,Brest,Douarnenez,Quimper
22013,Bourbriac,Morlaix,Carhaix,Lannion,Guingamp,Paimpol
29015,Bourg-Blanc,Guingamp,St-Brieuc,Lannion,Carhaix,Paimpol
35033,Bourg-des-Comptes,Brest,Douarnenez,Morlaix,Quimper,Carhaix
35032,Bourgbarré,Rennes,Chateaubriant,Redon,Vitre,Ploermel
22014,Bourseul,Rennes,Vitre,Chateaubriant,Redon,Fougeres
35035,Bovel,Dinan,St-Malo,St-Brieuc,Rennes,Ploermel
56021,Brandérion,Rennes,Ploermel,Redon,Chateaubriant,Dinan
56022,Brandivy,Lorient,Auray,Quimperle,Vannes,Pontivy
29016,Brasparts,Auray,Vannes,Pontivy,Lorient,Ploermel
35037,Bréal-sous-Montfort,Carhaix,Morlaix,Douarnenez,Quimper,Brest
35038,Bréal-sous-Vitré,Rennes,Ploermel,Redon,Dinan,Vitre
35039,Brécé,Vitre,Laval,Fougeres,Chateau-Gontier,Mayennes
56023,Brech,Rennes,Vitre,Fougeres,Chateaubriant,Laval
56024,Bréhan,Auray,Vannes,Lorient,Pontivy,Quimperle
22015,Bréhand,Pontivy,Ploermel,Vannes,St-Brieuc,Auray
29017,Brélès,St-Brieuc,Dinan,Pontivy,Guingamp,St-Malo
22018,Brélidy,Brest,Douarnenez,Morlaix,Quimper,Pont-L'abbe
29018,Brennilis,Guingamp,Lannion,Paimpol,St-Brieuc,Morlaix
29019,Brest,Carhaix,Morlaix,Quimper,Douarnenez,Brest
35040,Breteil,Brest,Douarnenez,Morlaix,Quimper,Pont-L'abbe
35041,Brie,Rennes,Dinan,Ploermel,Vitre,Redon
29020,Briec,Rennes,Chateaubriant,Vitre,Redon,Fougeres
35042,Brielles,Quimper,Douarnenez,Concarneau,Pont-L'abbe,Carhaix
56025,Brignac,Vitre,Laval,Chateau-Gontier,Chateaubriant,Fougeres
22019,Bringolo,Ploermel,Pontivy,Dinan,St-Brieuc,Rennes
22020,Broons,Guingamp,St-Brieuc,Paimpol,Lannion,Carhaix
35044,Broualan,Dinan,St-Malo,St-Brieuc,Ploermel,Rennes
35045,Bruc-sur-Aff,Dinan,St-Malo,Avranches,Fougeres,Rennes
22021,Brusvily,Redon,Ploermel,Rennes,Chateaubriant,Vannes
35047,Bruz,Dinan,St-Malo,Rennes,St-Brieuc,Ploermel
56026,Bubry,Rennes,Vitre,Chateaubriant,Redon,Ploermel
22023,Bulat-Pestivien,Pontivy,Lorient,Quimperle,Auray,Carhaix
56027,Buléon,Guingamp,Carhaix,Lannion,Morlaix,Paimpol
56028,Caden,Ploermel,Pontivy,Vannes,Auray,Redon
56029,Calan,Redon,Ploermel,Vannes,St-Nazaire,Auray
22024,Calanhel,Lorient,Quimperle,Auray,Pontivy,Concarneau
22025,Callac,Carhaix,Guingamp,Morlaix,Lannion,Paimpol
22026,Calorguen,Carhaix,Guingamp,Lannion,Morlaix,Paimpol
29022,Camaret-sur-Mer,Dinan,St-Malo,Rennes,St-Brieuc,Ploermel
22028,Camlez,Brest,Douarnenez,Quimper,Pont-L'abbe,Morlaix
56030,Camoël,Lannion,Paimpol,Guingamp,Morlaix,St-Brieuc
56031,Camors,St-Nazaire,Redon,Vannes,Auray,Ploermel
56032,Campénéac,Auray,Vannes,Pontivy,Lorient,Quimperle
35049,Cancale,Ploermel,Redon,Rennes,Pontivy,Vannes
22029,Canihuel,St-Malo,Dinan,Avranches,St-Hilaire-Du-Harcouet,Fougeres
22030,Caouënnec-Lanvézéac,Guingamp,St-Brieuc,Pontivy,Carhaix,Paimpol
29023,Carantec,Lannion,Guingamp,Paimpol,Morlaix,Carhaix
35050,Cardroc,Morlaix,Lannion,Carhaix,Brest,Guingamp
56033,Carentoir,Dinan,Rennes,St-Malo,Fougeres,Vitre
29024,Carhaix-Plouguer,Redon,Ploermel,Rennes,Vannes,Chateaubriant
56034,Carnac,Carhaix,Morlaix,Quimperle,Guingamp,Quimper
22031,Carnoët,Auray,Vannes,Lorient,Quimperle,Pontivy
56035,Caro,Carhaix,Morlaix,Guingamp,Lannion,Quimperle
29025,Cast,Ploermel,Redon,Vannes,Pontivy,Auray
56036,Caudan,Douarnenez,Quimper,Pont-L'abbe,Concarneau,Brest
22032,Caulnes,Lorient,Quimperle,Auray,Concarneau,Pontivy
22033,Caurel,Dinan,St-Malo,Rennes,Ploermel,St-Brieuc
22034,Cavan,Pontivy,St-Brieuc,Guingamp,Carhaix,Quimperle
35051,Cesson-Sévigné,Lannion,Guingamp,Paimpol,Morlaix,Carhaix
35052,Champeaux,Rennes,Vitre,Fougeres,Chateaubriant,Dinan
35054,Chanteloup,Vitre,Fougeres,Rennes,Laval,Chateaubriant
35055,Chantepie,Rennes,Chateaubriant,Vitre,Redon,Fougeres
35066,Chartres-de-Bretagne,Rennes,Vitre,Chateaubriant,Fougeres,Dinan
35067,Chasné-sur-Illet,Rennes,Vitre,Chateaubriant,Dinan,Fougeres
35068,Châteaubourg,Rennes,Vitre,Fougeres,Dinan,St-Hilaire-Du-Harcouet
35069,Châteaugiron,Vitre,Rennes,Fougeres,Chateaubriant,Laval
29026,Châteaulin,Rennes,Vitre,Chateaubriant,Fougeres,Laval
35070,Châteauneuf-d'Ille-et-Vilaine,Douarnenez,Quimper,Brest,Carhaix,Pont-L'abbe
29027,Châteauneuf-du-Faou,St-Malo,Dinan,Avranches,Rennes,Fougeres
22206,Châtelaudren-Plouagat,Carhaix,Quimper,Concarneau,Douarnenez,Quimperle
35072,Châtillon-en-Vendelais,Guingamp,St-Brieuc,Paimpol,Lannion,Carhaix
35075,Chauvigné,Vitre,Fougeres,Laval,St-Hilaire-Du-Harcouet,Rennes
35076,Chavagne,Fougeres,Vitre,Rennes,St-Hilaire-Du-Harcouet,Avranches
35077,Chelun,Rennes,Vitre,Ploermel,Dinan,Chateaubriant
35078,Cherrueix,Chateaubriant,Vitre,Chateau-Gontier,Laval,Rennes
35079,Chevaigné,St-Malo,Avranches,Dinan,St-Hilaire-Du-Harcouet,Fougeres
35080,Cintré,Rennes,Vitre,Fougeres,Dinan,St-Malo
35081,Clayes,Rennes,Dinan,Ploermel,Vitre,Redon
29028,Cléden-Cap-Sizun,Rennes,Dinan,Vitre,Ploermel,St-Malo
29029,Cléden-Poher,Douarnenez,Pont-L'abbe,Brest,Quimper,Concarneau
29030,Cléder,Carhaix,Morlaix,Quimperle,Quimper,Concarneau
56040,Cléguer,Morlaix,Brest,Lannion,Carhaix,Douarnenez
56041,Cléguérec,Lorient,Quimperle,Auray,Concarneau,Pontivy
29031,Clohars-Carnoët,Pontivy,Carhaix,Quimperle,St-Brieuc,Lorient
29032,Clohars-Fouesnant,Quimperle,Lorient,Concarneau,Quimper,Auray
22040,Coadout,Quimper,Pont-L'abbe,Concarneau,Douarnenez,Quimperle
29035,Coat-Méal,Guingamp,Paimpol,Lannion,St-Brieuc,Carhaix
22041,Coatascorn,Brest,Douarnenez,Morlaix,Quimper,Pont-L'abbe
22042,Coatréven,Guingamp,Lannion,Paimpol,St-Brieuc,Morlaix
35082,Coësmes,Lannion,Paimpol,Guingamp,Morlaix,St-Brieuc
22043,Coëtlogon,Chateaubriant,Vitre,Rennes,Laval,Chateau-Gontier
22044,Coëtmieux,Ploermel,Pontivy,St-Brieuc,Dinan,Vannes
22045,Cohiniac,St-Brieuc,Dinan,Guingamp,Paimpol,St-Malo
29036,Collorec,St-Brieuc,Guingamp,Paimpol,Pontivy,Lannion
56042,Colpo,Carhaix,Morlaix,Quimper,Douarnenez,Concarneau
35084,Comblessac,Vannes,Auray,Pontivy,Ploermel,Lorient
35085,Combourg,Ploermel,Redon,Rennes,Vannes,Chateaubriant
35086,Combourtillé,Dinan,St-Malo,Rennes,Fougeres,Avranches
29037,Combrit,Fougeres,Vitre,St-Hilaire-Du-Harcouet,Rennes,Laval
29038,Commana,Pont-L'abbe,Quimper,Concarneau,Douarnenez,Quimperle
29039,Concarneau,Morlaix,Carhaix,Brest,Douarnenez,Quimper
56043,Concoret,Concarneau,Quimper,Pont-L'abbe,Quimperle,Douarnenez
29145,Confort-Meilars,Ploermel,Rennes,Dinan,Redon,Pontivy
29041,Coray,Douarnenez,Quimper,Pont-L'abbe,Brest,Concarneau
22047,Corlay,Quimper,Concarneau,Carhaix,Quimperle,Douarnenez
35087,Cornillé,Pontivy,St-Brieuc,Guingamp,Carhaix,Paimpol
35088,Corps-Nuds,Vitre,Rennes,Fougeres,Laval,Chateaubriant
22048,Corseul,Rennes,Vitre,Chateaubriant,Fougeres,Redon
56044,Cournon,Dinan,St-Malo,St-Brieuc,Rennes,Ploermel
56046,Crach,Redon,Ploermel,Vannes,Rennes,Chateaubriant
56047,Crédin,Auray,Vannes,Lorient,Pontivy,Quimperle
22049,Créhen,Pontivy,Ploermel,Vannes,Auray,St-Brieuc
35090,Crevin,Dinan,St-Malo,St-Brieuc,Rennes,Avranches
29042,Crozon,Rennes,Chateaubriant,Vitre,Redon,Ploermel
56051,Cruguel,Brest,Douarnenez,Quimper,Pont-L'abbe,Morlaix
35092,Cuguen,Ploermel,Vannes,Pontivy,Auray,Redon
56052,Damgan,Dinan,St-Malo,Rennes,Fougeres,Avranches
29043,Daoulas,Vannes,Auray,St-Nazaire,Redon,Ploermel
22050,Dinan,Brest,Douarnenez,Morlaix,Quimper,Carhaix
35093,Dinard,Dinan,St-Malo,Rennes,St-Brieuc,Avranches
29044,Dinéault,St-Malo,Dinan,St-Brieuc,Avranches,Rennes
35094,Dingé,Douarnenez,Quimper,Brest,Pont-L'abbe,Concarneau
29045,Dirinon,Rennes,Dinan,Fougeres,St-Malo,Vitre
35095,Dol-de-Bretagne,Brest,Douarnenez,Morlaix,Quimper,Carhaix
35096,Domagné,St-Malo,Dinan,Avranches,Fougeres,Rennes
35097,Domalain,Vitre,Rennes,Fougeres,Chateaubriant,Laval
35099,Domloup,Vitre,Chateaubriant,Laval,Rennes,Fougeres
29046,Douarnenez,Rennes,Vitre,Chateaubriant,Fougeres,Dinan
35101,Dourdain,Douarnenez,Quimper,Pont-L'abbe,Brest,Concarneau
35102,Drouges,Vitre,Fougeres,Rennes,Laval,St-Hilaire-Du-Harcouet
22052,Duault,Chateaubriant,Vitre,Laval,Rennes,Chateau-Gontier
35103,Eancé,Carhaix,Guingamp,Morlaix,Lannion,Pontivy
29048,Edern,Chateaubriant,Vitre,Chateau-Gontier,Laval,Rennes
29049,Elliant,Quimper,Douarnenez,Concarneau,Carhaix,Pont-L'abbe
56053,Elven,Quimper,Concarneau,Pont-L'abbe,Quimperle,Douarnenez
35104,Epiniac,Vannes,Ploermel,Auray,Redon,Pontivy
35105,Erbrée,Dinan,St-Malo,Avranches,Fougeres,Rennes
35106,Ercé-en-Lamée,Vitre,Laval,Fougeres,Rennes,Mayennes
35107,Ercé-près-Liffré,Chateaubriant,Rennes,Redon,Vitre,Ploermel
56054,Erdeven,Rennes,Vitre,Fougeres,Dinan,St-Hilaire-Du-Harcouet
22053,Éréac,Auray,Lorient,Vannes,Quimperle,Pontivy
29051,Ergué-Gabéric,Dinan,Ploermel,St-Brieuc,Pontivy,St-Malo
22054,Erquy,Quimper,Concarneau,Pont-L'abbe,Douarnenez,Quimperle
35108,Essé,St-Brieuc,St-Malo,Dinan,Paimpol,Guingamp
56055,Étel,Vitre,Chateaubriant,Rennes,Fougeres,Laval
35109,Étrelles,Lorient,Auray,Vannes,Quimperle,Pontivy
56144,Évellys,Vitre,Fougeres,Laval,Rennes,Chateaubriant
22056,Évran,Pontivy,Auray,Vannes,Ploermel,Lorient
56056,Évriguet,Dinan,St-Malo,Rennes,Avranches,St-Brieuc
35110,Feins,Ploermel,Pontivy,Dinan,St-Brieuc,Rennes
56058,Férel,Rennes,Fougeres,Dinan,Vitre,St-Malo
35112,Fleurigné,St-Nazaire,Redon,Vannes,Ploermel,Auray
56102,Forges de Lanouée,Fougeres,St-Hilaire-Du-Harcouet,Vitre,Mayennes,Avranches
35114,Forges-la-Forêt,Ploermel,Pontivy,Vannes,Auray,Redon
29058,Fouesnant,Chateaubriant,Vitre,Rennes,Laval,Chateau-Gontier
35115,Fougères,Concarneau,Quimper,Pont-L'abbe,Douarnenez,Quimperle
22179,Fréhel,Fougeres,St-Hilaire-Du-Harcouet,Vitre,Avranches,Mayennes
35117,Gaël,St-Malo,Dinan,St-Brieuc,Paimpol,Guingamp
35118,Gahard,Ploermel,Dinan,Rennes,Pontivy,Redon
29059,Garlan,Rennes,Fougeres,Vitre,Dinan,St-Hilaire-Du-Harcouet
22060,Gausson,Morlaix,Lannion,Carhaix,Guingamp,Paimpol
56062,Gâvres,St-Brieuc,Pontivy,Guingamp,Ploermel,Dinan
35119,Gennes-sur-Seiche,Lorient,Quimperle,Auray,Vannes,Concarneau
56063,Gestel,Vitre,Laval,Chateaubriant,Chateau-Gontier,Fougeres
35120,Gévezé,Lorient,Quimperle,Concarneau,Auray,Pontivy
22061,Glomel,Rennes,Dinan,Vitre,Fougeres,St-Malo
22062,Gomené,Carhaix,Quimperle,Pontivy,Guingamp,Lorient
22063,Gommenec'h,Ploermel,Pontivy,St-Brieuc,Dinan,Rennes
35121,Gosné,Guingamp,Paimpol,St-Brieuc,Lannion,Carhaix
22064,Gouarec,Vitre,Rennes,Fougeres,St-Hilaire-Du-Harcouet,Dinan
22065,Goudelin,Carhaix,Pontivy,Guingamp,St-Brieuc,Quimperle
29060,Gouesnach,Guingamp,Paimpol,St-Brieuc,Lannion,Carhaix
29061,Gouesnou,Quimper,Pont-L'abbe,Concarneau,Douarnenez,Quimperle
29062,Gouézec,Brest,Douarnenez,Morlaix,Quimper,Pont-L'abbe
29063,Goulien,Quimper,Douarnenez,Carhaix,Concarneau,Pont-L'abbe
29064,Goulven,Douarnenez,Pont-L'abbe,Quimper,Brest,Concarneau
56065,Gourhel,Brest,Morlaix,Douarnenez,Lannion,Carhaix
56066,Gourin,Ploermel,Redon,Pontivy,Vannes,Rennes
29065,Gourlizon,Carhaix,Quimperle,Concarneau,Quimper,Lorient
35123,Goven,Douarnenez,Quimper,Pont-L'abbe,Concarneau,Brest
22068,Grâce-Uzel,Rennes,Ploermel,Redon,Chateaubriant,Vitre
22067,Grâces,Pontivy,St-Brieuc,Guingamp,Ploermel,Carhaix
56067,Grand-Champ,Guingamp,Paimpol,Lannion,St-Brieuc,Carhaix
35124,Grand-Fougeray,Vannes,Auray,Pontivy,Lorient,Ploermel
56069,Groix,Chateaubriant,Redon,Rennes,Ploermel,Vitre
56070,Guégon,Lorient,Quimperle,Auray,Concarneau,Vannes
56071,Guéhenno,Ploermel,Pontivy,Vannes,Auray,Redon
56072,Gueltas,Ploermel,Pontivy,Vannes,Auray,Redon
56073,Guémené-sur-Scorff,Pontivy,Ploermel,St-Brieuc,Vannes,Auray
29066,Guengat,Pontivy,Quimperle,Carhaix,Lorient,Auray
56074,Guénin,Quimper,Douarnenez,Pont-L'abbe,Concarneau,Brest
22069,Guenroc,Pontivy,Auray,Vannes,Lorient,Ploermel
56075,Guer,Dinan,Rennes,St-Malo,Ploermel,St-Brieuc
22158,Guerlédan,Ploermel,Redon,Rennes,Vannes,Pontivy
29067,Guerlesquin,Pontivy,St-Brieuc,Guingamp,Carhaix,Ploermel
56076,Guern,Morlaix,Lannion,Carhaix,Guingamp,Paimpol
35126,Guichen,Pontivy,Lorient,Quimperle,Auray,Carhaix
29068,Guiclan,Rennes,Chateaubriant,Redon,Ploermel,Vitre
56078,Guidel,Morlaix,Brest,Carhaix,Lannion,Douarnenez
35127,Guignen,Quimperle,Lorient,Concarneau,Auray,Quimper
29070,Guiler-sur-Goyen,Rennes,Redon,Ploermel,Chateaubriant,Vitre
29069,Guilers,Douarnenez,Pont-L'abbe,Quimper,Concarneau,Brest
56079,Guillac,Brest,Douarnenez,Morlaix,Quimper,Pont-L'abbe
56080,Guilliers,Ploermel,Pontivy,Vannes,Redon,Auray
29071,Guilligomarc'h,Ploermel,Pontivy,Vannes,Redon,Dinan
29072,Guilvinec,Quimperle,Lorient,Concarneau,Carhaix,Pontivy
29073,Guimaëc,Pont-L'abbe,Quimper,Concarneau,Douarnenez,Quimperle
29074,Guimiliau,Morlaix,Lannion,Guingamp,Carhaix,Paimpol
22070,Guingamp,Morlaix,Brest,Carhaix,Lannion,Douarnenez
29075,Guipavas,Guingamp,Paimpol,Lannion,St-Brieuc,Carhaix
35128,Guipel,Brest,Douarnenez,Morlaix,Quimper,Carhaix
35176,Guipry-Messac,Rennes,Dinan,Fougeres,Vitre,St-Malo
56081,Guiscriff,Redon,Rennes,Chateaubriant,Ploermel,Vitre
29077,Guissény,Quimperle,Carhaix,Concarneau,Quimper,Lorient
22071,Guitté,Brest,Morlaix,Douarnenez,Lannion,Carhaix
22072,Gurunhuel,Dinan,Rennes,St-Malo,Ploermel,St-Brieuc
29078,Hanvec,Guingamp,Lannion,Carhaix,Paimpol,St-Brieuc
35130,Hédé-Bazouges,Brest,Douarnenez,Morlaix,Quimper,Carhaix
56082,Helléan,Rennes,Dinan,St-Malo,Fougeres,Vitre
22075,Hémonstoir,Ploermel,Pontivy,Vannes,Redon,Auray
22076,Hénanbihen,Pontivy,St-Brieuc,Ploermel,Guingamp,Auray
22077,Hénansal,Dinan,St-Brieuc,St-Malo,Paimpol,Guingamp
56083,Hennebont,St-Brieuc,Dinan,St-Malo,Paimpol,Guingamp
22079,Hénon,Lorient,Quimperle,Auray,Pontivy,Vannes
29079,Henvic,St-Brieuc,Pontivy,Guingamp,Dinan,Paimpol
22081,Hillion,Morlaix,Lannion,Carhaix,Brest,Guingamp
35132,Hirel,St-Brieuc,Guingamp,Paimpol,Dinan,St-Malo
56085,Hœdic,St-Malo,Dinan,Avranches,Fougeres,St-Hilaire-Du-Harcouet
29080,Hôpital-Camfrout,Vannes,Auray,St-Nazaire,Lorient,Redon
29081,Huelgoat,Brest,Douarnenez,Quimper,Morlaix,Carhaix
35133,Iffendic,Carhaix,Morlaix,Lannion,Quimper,Guingamp
56087,Île-aux-Moines,Rennes,Ploermel,Dinan,Redon,St-Malo
56088,Île-d'Arz,Vannes,Auray,Lorient,Ploermel,Pontivy
56086,Île-d'Houat,Vannes,Auray,Lorient,Ploermel,Pontivy
29082,Île-de-Batz,Auray,Vannes,Lorient,St-Nazaire,Quimperle
22016,Île-de-Bréhat,Morlaix,Lannion,Brest,Carhaix,Guingamp
29083,Île-de-Sein,Paimpol,Guingamp,Lannion,St-Brieuc,Morlaix
29084,Île-Molène,Douarnenez,Brest,Pont-L'abbe,Quimper,Concarneau
29085,Île-Tudy,Brest,Douarnenez,Quimper,Pont-L'abbe,Morlaix
22083,Illifaut,Pont-L'abbe,Quimper,Concarneau,Douarnenez,Quimperle
56089,Inguiniel,Ploermel,Dinan,Pontivy,Rennes,St-Brieuc
56090,Inzinzac-Lochrist,Lorient,Quimperle,Pontivy,Auray,Carhaix
35135,Irodouër,Lorient,Quimperle,Auray,Pontivy,Vannes
29086,Irvillac,Rennes,Dinan,St-Malo,Ploermel,Vitre
35136,Janzé,Brest,Douarnenez,Morlaix,Quimper,Carhaix
35137,Javené,Rennes,Chateaubriant,Vitre,Fougeres,Redon
56091,Josselin,Fougeres,Vitre,St-Hilaire-Du-Harcouet,Laval,Rennes
22084,Jugon-les-Lacs - Commune nouvelle,Ploermel,Pontivy,Vannes,Auray,Redon
22085,Kerbors,Dinan,St-Brieuc,St-Malo,Ploermel,Rennes
22086,Kerfot,Paimpol,Lannion,Guingamp,St-Brieuc,Morlaix
56092,Kerfourn,Paimpol,Guingamp,Lannion,St-Brieuc,Morlaix
29089,Kergloff,Pontivy,Ploermel,Vannes,Auray,St-Brieuc
56093,Kergrist,Carhaix,Morlaix,Quimperle,Quimper,Guingamp
22087,Kergrist-Moëlou,Pontivy,St-Brieuc,Ploermel,Guingamp,Carhaix
22088,Kerien,Carhaix,Guingamp,Pontivy,St-Brieuc,Morlaix
29090,Kerlaz,Guingamp,Carhaix,St-Brieuc,Lannion,Paimpol
29091,Kerlouan,Douarnenez,Quimper,Pont-L'abbe,Concarneau,Brest
22090,Kermaria-Sulard,Brest,Morlaix,Douarnenez,Lannion,Carhaix
22091,Kermoroc'h,Lannion,Paimpol,Guingamp,Morlaix,St-Brieuc
56264,Kernascléden,Guingamp,Paimpol,Lannion,St-Brieuc,Morlaix
29093,Kernilis,Quimperle,Lorient,Pontivy,Carhaix,Concarneau
29094,Kernouës,Brest,Morlaix,Douarnenez,Quimper,Carhaix
22092,Kerpert,Brest,Morlaix,Douarnenez,Lannion,Carhaix
29095,Kersaint-Plabennec,Guingamp,St-Brieuc,Carhaix,Pontivy,Paimpol
56094,Kervignac,Brest,Morlaix,Douarnenez,Quimper,Carhaix
35131,L'Hermitage,Lorient,Auray,Quimperle,Vannes,Pontivy
35017,La Baussaine,Rennes,Dinan,Vitre,Ploermel,Fougeres
35018,La Bazouge-du-Désert,Dinan,Rennes,St-Malo,Fougeres,Vitre
35030,La Bosse-de-Bretagne,Fougeres,St-Hilaire-Du-Harcouet,Avranches,Vitre,Mayennes
35031,La Bouëxière,Chateaubriant,Rennes,Vitre,Redon,Ploermel
22012,La Bouillie,Vitre,Rennes,Fougeres,Chateaubriant,Laval
35034,La Boussac,St-Brieuc,St-Malo,Dinan,Paimpol,Guingamp
35060,La Chapelle du Lou du Lac,Avranches,St-Malo,Dinan,Fougeres,St-Hilaire-Du-Harcouet
35056,La Chapelle-aux-Filtzméens,Rennes,Dinan,Ploermel,St-Malo,Vitre
22036,La Chapelle-Blanche,Dinan,Rennes,St-Malo,Fougeres,Avranches
35057,La Chapelle-Bouëxic,Dinan,Rennes,St-Malo,Ploermel,St-Brieuc
35058,La Chapelle-Chaussée,Rennes,Redon,Ploermel,Chateaubriant,Vitre
35064,La Chapelle-de-Brain,Rennes,Dinan,St-Malo,Vitre,Fougeres
35059,La Chapelle-des-Fougeretz,Redon,Chateaubriant,Ploermel,Rennes,St-Nazaire
35061,La Chapelle-Erbrée,Rennes,Dinan,Vitre,Fougeres,St-Malo
35062,La Chapelle-Janson,Vitre,Laval,Fougeres,Mayennes,Chateau-Gontier
56039,La Chapelle-Neuve,Fougeres,Vitre,St-Hilaire-Du-Harcouet,Mayennes,Laval
22037,La Chapelle-Neuve,Auray,Pontivy,Carhaix,Guingamp,Vannes
35063,La Chapelle-Saint-Aubert,Lannion,Morlaix,Lorient,Ploermel,Paimpol
35065,La Chapelle-Thouarault,Fougeres,Vitre,St-Hilaire-Du-Harcouet,Rennes,Avranches
22039,La Chèze,Rennes,Dinan,Ploermel,Vitre,Redon
35089,La Couyère,Pontivy,Ploermel,St-Brieuc,Vannes,Auray
56050,La Croix-Helléan,Chateaubriant,Rennes,Vitre,Redon,Fougeres
35098,La Dominelais,Ploermel,Pontivy,Vannes,Redon,Auray
29054,La Feuillée,Chateaubriant,Redon,Rennes,Vitre,Ploermel
29056,La Forest-Landerneau,Morlaix,Carhaix,Lannion,Brest,Quimper
29057,La Forêt-Fouesnant,Brest,Morlaix,Douarnenez,Quimper,Carhaix
35116,La Fresnais,Concarneau,Quimper,Pont-L'abbe,Quimperle,Douarnenez
56061,La Gacilly,St-Malo,Dinan,Avranches,Rennes,Fougeres
35122,La Gouesnière,Redon,Ploermel,Vannes,Rennes,St-Nazaire
56068,La Grée-Saint-Laurent,St-Malo,Dinan,Avranches,Rennes,Fougeres
35125,La Guerche-de-Bretagne,Ploermel,Pontivy,Vannes,Redon,Auray
22073,La Harmoye,Vitre,Chateaubriant,Laval,Rennes,Chateau-Gontier
22097,La Landec,St-Brieuc,Guingamp,Pontivy,Carhaix,Paimpol
22140,La Malhoure,Dinan,St-Malo,St-Brieuc,Rennes,Ploermel
29144,La Martyre,St-Brieuc,Dinan,St-Malo,Pontivy,Guingamp
22144,La Méaugon,Brest,Morlaix,Douarnenez,Carhaix,Quimper
35177,La Mézière,St-Brieuc,Guingamp,Paimpol,Pontivy,Lannion
22155,La Motte,Rennes,Dinan,Vitre,Fougeres,St-Malo
35202,La Noë-Blanche,Pontivy,St-Brieuc,Ploermel,Guingamp,Dinan
35203,La Nouaye,Chateaubriant,Redon,Rennes,Ploermel,Vitre
22255,La Prénessaye,Rennes,Dinan,Ploermel,St-Malo,Vitre
35241,La Richardais,Pontivy,Ploermel,St-Brieuc,Dinan,Guingamp
56195,La Roche-Bernard,St-Malo,Dinan,Avranches,St-Brieuc,Rennes
22264,La Roche-Jaudy,Redon,St-Nazaire,Vannes,Ploermel,Auray
29237,La Roche-Maurice,Paimpol,Lannion,Guingamp,St-Brieuc,Morlaix
35324,La Selle-en-Luitré,Brest,Morlaix,Douarnenez,Carhaix,Quimper
35325,La Selle-Guerchaise,Fougeres,Vitre,St-Hilaire-Du-Harcouet,Laval,Mayennes
56257,La Trinité-Porhoët,Vitre,Chateaubriant,Laval,Chateau-Gontier,Rennes
56258,La Trinité-sur-Mer,Ploermel,Pontivy,St-Brieuc,Vannes,Dinan
56259,La Trinité-Surzur,Auray,Vannes,Lorient,Quimperle,Pontivy
22385,La Vicomté-sur-Rance,Vannes,Auray,Redon,Ploermel,St-Nazaire
35358,La Ville-ès-Nonais,Dinan,St-Malo,Rennes,Avranches,St-Brieuc
56261,La Vraie-Croix,St-Malo,Dinan,Avranches,Rennes,St-Brieuc
35138,Laignelet,Vannes,Ploermel,Redon,Auray,Pontivy
35139,Laillé,Fougeres,St-Hilaire-Du-Harcouet,Vitre,Avranches,Mayennes
35140,Lalleu,Rennes,Chateaubriant,Vitre,Redon,Ploermel
22093,Lamballe-Armor,Chateaubriant,Rennes,Vitre,Redon,Laval
29097,Lampaul-Guimiliau,St-Brieuc,Dinan,St-Malo,Guingamp,Paimpol
29098,Lampaul-Plouarzel,Morlaix,Brest,Carhaix,Douarnenez,Lannion
29099,Lampaul-Ploudalmézeau,Brest,Douarnenez,Morlaix,Quimper,Pont-L'abbe
29100,Lanarvily,Brest,Douarnenez,Morlaix,Quimper,Pont-L'abbe
22094,Lancieux,Brest,Morlaix,Douarnenez,Quimper,Carhaix
56096,Landaul,St-Malo,Dinan,St-Brieuc,Avranches,Rennes
35141,Landavran,Auray,Lorient,Vannes,Quimperle,Pontivy
35142,Landéan,Vitre,Fougeres,Rennes,Laval,St-Hilaire-Du-Harcouet
22095,Landebaëron,Fougeres,St-Hilaire-Du-Harcouet,Vitre,Avranches,Mayennes
22096,Landébia,Guingamp,Paimpol,Lannion,St-Brieuc,Morlaix
29101,Landéda,Dinan,St-Malo,St-Brieuc,Paimpol,Guingamp
22098,Landéhen,Brest,Morlaix,Douarnenez,Quimper,Carhaix
29102,Landeleau,St-Brieuc,Dinan,St-Malo,Guingamp,Pontivy
29103,Landerneau,Carhaix,Morlaix,Quimper,Quimperle,Concarneau
56097,Landévant,Brest,Morlaix,Douarnenez,Quimper,Carhaix
29104,Landévennec,Auray,Lorient,Vannes,Quimperle,Pontivy
29105,Landivisiau,Brest,Douarnenez,Quimper,Pont-L'abbe,Morlaix
29106,Landrévarzec,Morlaix,Brest,Carhaix,Lannion,Douarnenez
29107,Landudal,Quimper,Douarnenez,Pont-L'abbe,Concarneau,Carhaix
29108,Landudec,Quimper,Concarneau,Douarnenez,Pont-L'abbe,Quimperle
35143,Landujan,Douarnenez,Pont-L'abbe,Quimper,Concarneau,Brest
29109,Landunvez,Dinan,Rennes,St-Malo,Ploermel,Vitre
56098,Lanester,Brest,Douarnenez,Morlaix,Quimper,Pont-L'abbe
22099,Lanfains,Lorient,Quimperle,Auray,Concarneau,Vannes
35144,Langan,St-Brieuc,Guingamp,Pontivy,Paimpol,Carhaix
22101,Langoat,Rennes,Dinan,St-Malo,Vitre,Fougeres
56099,Langoëlan,Lannion,Paimpol,Guingamp,Morlaix,St-Brieuc
29110,Langolen,Pontivy,Carhaix,Quimperle,Lorient,Guingamp
35145,Langon,Quimper,Concarneau,Douarnenez,Pont-L'abbe,Carhaix
56100,Langonnet,Redon,Chateaubriant,Ploermel,Rennes,St-Nazaire
35146,Langouet,Carhaix,Quimperle,Concarneau,Lorient,Pontivy
22103,Langrolay-sur-Rance,Rennes,Dinan,St-Malo,Vitre,Fougeres
22104,Languédias,St-Malo,Dinan,Avranches,Rennes,St-Brieuc
22105,Languenan,Dinan,St-Malo,St-Brieuc,Rennes,Ploermel
22106,Langueux,Dinan,St-Malo,St-Brieuc,Rennes,Avranches
56101,Languidic,St-Brieuc,Guingamp,Paimpol,Dinan,Pontivy
29111,Lanhouarneau,Lorient,Auray,Quimperle,Pontivy,Vannes
29112,Lanildut,Morlaix,Brest,Douarnenez,Lannion,Carhaix
22108,Lanleff,Brest,Douarnenez,Morlaix,Quimper,Pont-L'abbe
22109,Lanloup,Paimpol,Guingamp,Lannion,St-Brieuc,Morlaix
22110,Lanmérin,Paimpol,Guingamp,St-Brieuc,Lannion,Morlaix
29113,Lanmeur,Lannion,Paimpol,Guingamp,Morlaix,St-Brieuc
22111,Lanmodez,Morlaix,Lannion,Carhaix,Guingamp,Paimpol
29114,Lannéanou,Paimpol,Lannion,Guingamp,St-Brieuc,Morlaix
22112,Lannebert,Morlaix,Carhaix,Lannion,Guingamp,Paimpol
29115,Lannédern,Guingamp,Paimpol,St-Brieuc,Lannion,Carhaix
29116,Lanneuffret,Carhaix,Morlaix,Quimper,Douarnenez,Brest
29117,Lannilis,Brest,Morlaix,Douarnenez,Carhaix,Quimper
22113,Lannion,Brest,Morlaix,Douarnenez,Quimper,Carhaix
22114,Lanrelas,Lannion,Guingamp,Paimpol,Morlaix,Carhaix
35148,Lanrigan,Dinan,Ploermel,St-Brieuc,Rennes,St-Malo
22115,Lanrivain,Dinan,Rennes,St-Malo,Fougeres,Avranches
29119,Lanrivoaré,Guingamp,Carhaix,St-Brieuc,Pontivy,Lannion
22116,Lanrodec,Brest,Douarnenez,Morlaix,Quimper,Pont-L'abbe
22117,Lantic,Guingamp,St-Brieuc,Paimpol,Lannion,Carhaix
56103,Lantillac,St-Brieuc,Guingamp,Paimpol,Lannion,Pontivy
22118,Lanvallay,Ploermel,Pontivy,Vannes,Auray,Redon
56104,Lanvaudan,Dinan,St-Malo,Rennes,St-Brieuc,Avranches
22119,Lanvellec,Lorient,Quimperle,Auray,Pontivy,Vannes
56105,Lanvénégen,Lannion,Morlaix,Guingamp,Carhaix,Paimpol
29120,Lanvéoc,Quimperle,Carhaix,Lorient,Concarneau,Quimper
22121,Lanvollon,Brest,Douarnenez,Quimper,Pont-L'abbe,Morlaix
56106,Larmor-Baden,Guingamp,Paimpol,St-Brieuc,Lannion,Carhaix
56107,Larmor-Plage,Auray,Vannes,Lorient,Pontivy,Ploermel
56108,Larré,Lorient,Quimperle,Auray,Concarneau,Vannes
35149,Lassy,Vannes,Ploermel,Redon,Auray,Pontivy
22122,Laurenan,Rennes,Redon,Ploermel,Chateaubriant,Vitre
56109,Lauzach,Pontivy,Ploermel,St-Brieuc,Dinan,St-Malo
29122,Laz,Vannes,Auray,Redon,Ploermel,St-Nazaire
22009,Le Bodéo,Carhaix,Quimper,Concarneau,Douarnenez,Quimperle
56262,Le Bono,St-Brieuc,Pontivy,Guingamp,Carhaix,Paimpol
22027,Le Cambout,Pontivy,Ploermel,Vannes,St-Brieuc,Auray
35071,Le Châtellier,Fougeres,St-Hilaire-Du-Harcouet,Avranches,Vitre,Rennes
29033,Le Cloître-Pleyben,Carhaix,Quimper,Morlaix,Douarnenez,Concarneau
29034,Le Cloître-Saint-Thégonnec,Morlaix,Carhaix,Lannion,Guingamp,Brest
29040,Le Conquet,Brest,Douarnenez,Quimper,Pont-L'abbe,Morlaix
56045,Le Cours,Vannes,Ploermel,Redon,Auray,Pontivy
56048,Le Croisty,Quimperle,Carhaix,Lorient,Pontivy,Concarneau
35091,Le Crouais,Dinan,Rennes,Ploermel,St-Malo,St-Brieuc
29047,Le Drennec,Brest,Morlaix,Douarnenez,Quimper,Carhaix
29053,Le Faou,Brest,Douarnenez,Quimper,Morlaix,Carhaix
22057,Le Faouët,Paimpol,Guingamp,Quimperle,Carhaix,Lannion
56057,Le Faouët,St-Brieuc,Lorient,Concarneau,Quimper,Morlaix
35111,Le Ferré,Fougeres,St-Hilaire-Du-Harcouet,Avranches,Vitre,Rennes
22059,Le Fœil,St-Brieuc,Guingamp,Pontivy,Paimpol,Carhaix
29055,Le Folgoët,Brest,Morlaix,Douarnenez,Carhaix,Quimper
56077,Le Guerno,Redon,Vannes,St-Nazaire,Ploermel,Auray
22074,Le Haut-Corlay,Guingamp,St-Brieuc,Pontivy,Carhaix,Paimpol
56084,Le Hézo,Vannes,Auray,Ploermel,Redon,St-Nazaire
22082,Le Hinglé,Dinan,St-Malo,Rennes,St-Brieuc,Ploermel
29087,Le Juch,Douarnenez,Quimper,Pont-L'abbe,Concarneau,Brest
22126,Le Leslay,St-Brieuc,Guingamp,Paimpol,Pontivy,Carhaix
35157,Le Loroux,Fougeres,St-Hilaire-Du-Harcouet,Vitre,Mayennes,Avranches
22046,Le Mené,St-Brieuc,Pontivy,Ploermel,Dinan,St-Malo
22150,Le Merzer,Guingamp,Paimpol,St-Brieuc,Lannion,Carhaix
35181,Le Minihic-sur-Rance,St-Malo,Dinan,Avranches,St-Brieuc,Rennes
22157,Le Moustoir,Carhaix,Morlaix,Guingamp,Quimperle,Lannion
56152,Le Palais,Auray,Vannes,Lorient,Quimperle,St-Nazaire
35217,Le Pertre,Vitre,Laval,Chateau-Gontier,Fougeres,Chateaubriant
35218,Le Petit-Fougeray,Rennes,Chateaubriant,Vitre,Redon,Fougeres
22260,Le Quillio,Pontivy,St-Brieuc,Guingamp,Carhaix,Ploermel
22263,Le Quiou,Dinan,St-Malo,Rennes,Ploermel,St-Brieuc
29235,Le Relecq-Kerhuon,Brest,Douarnenez,Morlaix,Quimper,Pont-L'abbe
35240,Le Rheu,Rennes,Vitre,Dinan,Ploermel,Chateaubriant
56201,Le Saint,Carhaix,Quimperle,Concarneau,Quimper,Lorient
35322,Le Sel-de-Bretagne,Chateaubriant,Rennes,Vitre,Redon,Ploermel
56246,Le Sourn,Pontivy,Auray,Lorient,Vannes,Quimperle
35333,Le Theil-de-Bretagne,Chateaubriant,Vitre,Rennes,Laval,Fougeres
35336,Le Tiercent,Fougeres,Vitre,Rennes,St-Hilaire-Du-Harcouet,Avranches
56252,Le Tour-du-Parc,Vannes,Auray,St-Nazaire,Redon,Ploermel
29294,Le Tréhou,Brest,Morlaix,Douarnenez,Carhaix,Quimper
29300,Le Trévoux,Quimperle,Concarneau,Lorient,Quimper,Pont-L'abbe
35362,Le Tronchet,Dinan,St-Malo,Rennes,Avranches,Fougeres
35351,Le Verger,Rennes,Ploermel,Dinan,Redon,Vitre
22386,Le Vieux-Bourg,St-Brieuc,Guingamp,Pontivy,Paimpol,Carhaix
22387,Le Vieux-Marché,Lannion,Guingamp,Morlaix,Paimpol,Carhaix
35361,Le Vivier-sur-Mer,St-Malo,Dinan,Avranches,St-Hilaire-Du-Harcouet,Fougeres
35150,Lécousse,Fougeres,St-Hilaire-Du-Harcouet,Vitre,Avranches,Rennes
29123,Lennon,Carhaix,Quimper,Douarnenez,Concarneau,Morlaix
35046,Les Brulais,Ploermel,Redon,Rennes,Chateaubriant,Vannes
22035,Les Champs-Géraux,Dinan,St-Malo,Rennes,Avranches,St-Brieuc
56060,Les Fougerêts,Redon,Ploermel,Vannes,St-Nazaire,Rennes
35134,Les Iffs,Dinan,Rennes,St-Malo,Fougeres,Vitre
35191,Les Portes du Coglais,Fougeres,St-Hilaire-Du-Harcouet,Avranches,Vitre,Rennes
22124,Lescouët-Gouarec,Pontivy,Carhaix,Quimperle,Guingamp,Lorient
29124,Lesneven,Brest,Morlaix,Douarnenez,Carhaix,Lannion
29125,Leuhan,Carhaix,Quimper,Concarneau,Quimperle,Douarnenez
22127,Lézardrieux,Paimpol,Guingamp,Lannion,St-Brieuc,Morlaix
35151,Lieuron,Redon,Rennes,Ploermel,Chateaubriant,Vitre
35152,Liffré,Rennes,Vitre,Fougeres,Dinan,St-Hilaire-Du-Harcouet
56110,Lignol,Quimperle,Pontivy,Lorient,Carhaix,Auray
35153,Lillemer,St-Malo,Dinan,Avranches,Rennes,Fougeres
56111,Limerzel,Redon,Vannes,Ploermel,St-Nazaire,Auray
35154,Livré-sur-Changeon,Vitre,Fougeres,Rennes,St-Hilaire-Du-Harcouet,Laval
56112,Lizio,Ploermel,Vannes,Pontivy,Redon,Auray
29126,Loc-Brévalaire,Brest,Morlaix,Douarnenez,Quimper,Carhaix
29128,Loc-Eguiner,Morlaix,Brest,Carhaix,Douarnenez,Lannion
22129,Loc-Envel,Guingamp,Lannion,Carhaix,Morlaix,Paimpol
22128,Locarn,Carhaix,Guingamp,Morlaix,Lannion,Pontivy
56113,Locmalo,Pontivy,Quimperle,Lorient,Carhaix,Auray
56114,Locmaria,Auray,Vannes,Lorient,St-Nazaire,Quimperle
56115,Locmaria-Grand-Champ,Vannes,Auray,Pontivy,Ploermel,Lorient
29130,Locmaria-Plouzané,Brest,Douarnenez,Quimper,Morlaix,Pont-L'abbe
56116,Locmariaquer,Auray,Vannes,Lorient,Pontivy,Quimperle
29131,Locmélar,Morlaix,Brest,Carhaix,Douarnenez,Quimper
56117,Locminé,Pontivy,Vannes,Auray,Ploermel,Lorient
56118,Locmiquélic,Lorient,Quimperle,Auray,Vannes,Concarneau
56119,Locoal-Mendon,Auray,Lorient,Vannes,Quimperle,Pontivy
56120,Locqueltas,Vannes,Auray,Ploermel,Pontivy,Lorient
29132,Locquénolé,Morlaix,Lannion,Carhaix,Brest,Guingamp
29133,Locquirec,Lannion,Morlaix,Guingamp,Carhaix,Paimpol
29134,Locronan,Douarnenez,Quimper,Pont-L'abbe,Concarneau,Brest
29135,Loctudy,Pont-L'abbe,Quimper,Concarneau,Douarnenez,Quimperle
29136,Locunolé,Quimperle,Lorient,Concarneau,Carhaix,Quimper
29137,Logonna-Daoulas,Brest,Douarnenez,Quimper,Morlaix,Pont-L'abbe
22131,Loguivy-Plougras,Lannion,Morlaix,Guingamp,Carhaix,Paimpol
35155,Lohéac,Redon,Rennes,Ploermel,Chateaubriant,Vitre
22132,Lohuec,Carhaix,Morlaix,Lannion,Guingamp,Paimpol
35156,Longaulnay,Dinan,Rennes,St-Malo,Ploermel,Fougeres
29139,Lopérec,Douarnenez,Morlaix,Carhaix,Brest,Quimper
29140,Loperhet,Brest,Douarnenez,Morlaix,Quimper,Carhaix
29141,Loqueffret,Carhaix,Morlaix,Quimper,Douarnenez,Brest
56121,Lorient,Lorient,Quimperle,Auray,Concarneau,Vannes
22133,Loscouët-sur-Meu,Ploermel,Dinan,Rennes,Pontivy,St-Brieuc
29142,Lothey,Quimper,Douarnenez,Carhaix,Concarneau,Pont-L'abbe
22134,Louannec,Lannion,Paimpol,Guingamp,Morlaix,Carhaix
22135,Louargat,Guingamp,Lannion,Paimpol,Morlaix,Carhaix
22136,Loudéac,Pontivy,St-Brieuc,Ploermel,Guingamp,Vannes
35159,Lourmais,Dinan,St-Malo,Rennes,Avranches,Fougeres
35160,Loutehel,Ploermel,Redon,Rennes,Dinan,Chateaubriant
35161,Louvigné-de-Bais,Vitre,Rennes,Fougeres,Chateaubriant,Laval
35162,Louvigné-du-Désert,St-Hilaire-Du-Harcouet,Fougeres,Avranches,Vitre,Mayennes
56122,Loyat,Ploermel,Pontivy,Redon,Vannes,Rennes
35163,Luitré-Dompierre,Fougeres,Vitre,St-Hilaire-Du-Harcouet,Laval,Mayennes
22137,Maël-Carhaix,Carhaix,Guingamp,Morlaix,Pontivy,Quimperle
22138,Maël-Pestivien,Guingamp,Carhaix,Lannion,St-Brieuc,Morlaix
35257,Maen Roch,Fougeres,St-Hilaire-Du-Harcouet,Vitre,Avranches,Rennes
22139,Magoar,Guingamp,Carhaix,St-Brieuc,Lannion,Paimpol
29143,Mahalon,Douarnenez,Pont-L'abbe,Quimper,Brest,Concarneau
56123,Malansac,Redon,Ploermel,Vannes,St-Nazaire,Auray
56124,Malestroit,Ploermel,Redon,Vannes,Auray,Pontivy
56125,Malguénac,Pontivy,Lorient,Quimperle,Auray,Carhaix
22141,Mantallot,Lannion,Guingamp,Paimpol,Morlaix,St-Brieuc
35164,Marcillé-Raoul,Rennes,Fougeres,Dinan,Vitre,Avranches
35165,Marcillé-Robert,Vitre,Chateaubriant,Rennes,Laval,Fougeres
35166,Marpiré,Vitre,Rennes,Fougeres,Laval,Chateaubriant
35167,Martigné-Ferchaud,Chateaubriant,Vitre,Rennes,Chateau-Gontier,Laval
56126,Marzan,Redon,St-Nazaire,Vannes,Ploermel,Auray
22143,Matignon,St-Malo,Dinan,St-Brieuc,Paimpol,Guingamp
56127,Mauron,Ploermel,Pontivy,Dinan,Rennes,Redon
35169,Maxent,Ploermel,Rennes,Redon,Dinan,Chateaubriant
35170,Mecé,Vitre,Fougeres,Rennes,St-Hilaire-Du-Harcouet,Laval
35171,Médréac,Dinan,Rennes,St-Malo,Ploermel,St-Brieuc
22145,Mégrit,Dinan,St-Malo,St-Brieuc,Ploermel,Rennes
35172,Meillac,Dinan,St-Malo,Rennes,Avranches,Fougeres
35173,Melesse,Rennes,Vitre,Dinan,Fougeres,St-Malo
29146,Melgven,Concarneau,Quimper,Quimperle,Pont-L'abbe,Douarnenez
29147,Mellac,Quimperle,Lorient,Concarneau,Quimper,Carhaix
35174,Mellé,St-Hilaire-Du-Harcouet,Fougeres,Avranches,Vitre,Mayennes
22146,Mellionnec,Carhaix,Pontivy,Quimperle,Guingamp,Lorient
56128,Melrand,Pontivy,Lorient,Auray,Quimperle,Vannes
56129,Ménéac,Ploermel,Pontivy,St-Brieuc,Dinan,Rennes
22147,Merdrignac,Ploermel,Dinan,Pontivy,St-Brieuc,Rennes
22148,Mérillac,Dinan,Ploermel,St-Brieuc,Pontivy,St-Malo
22149,Merléac,Pontivy,St-Brieuc,Guingamp,Carhaix,Ploermel
56130,Merlevenez,Lorient,Auray,Quimperle,Vannes,Pontivy
35175,Mernel,Redon,Rennes,Ploermel,Chateaubriant,Vitre
56131,Meslan,Quimperle,Lorient,Carhaix,Concarneau,Pontivy
35308,Mesnil-Roc'h,Dinan,St-Malo,Rennes,Avranches,Fougeres
29148,Mespaul,Morlaix,Brest,Lannion,Carhaix,Douarnenez
56132,Meucon,Vannes,Auray,Ploermel,Pontivy,Lorient
35178,Mézières-sur-Couesnon,Fougeres,Vitre,Rennes,St-Hilaire-Du-Harcouet,Avranches
29076,Milizac-Guipronvel,Brest,Douarnenez,Morlaix,Quimper,Pont-L'abbe
35179,Miniac-Morvan,Dinan,St-Malo,Avranches,Rennes,Fougeres
35180,Miniac-sous-Bécherel,Dinan,Rennes,St-Malo,Ploermel,Vitre
22152,Minihy-Tréguier,Lannion,Paimpol,Guingamp,Morlaix,St-Brieuc
56133,Missiriac,Ploermel,Redon,Vannes,Pontivy,Auray
29150,Moëlan-sur-Mer,Quimperle,Concarneau,Lorient,Quimper,Pont-L'abbe
56134,Mohon,Ploermel,Pontivy,Vannes,St-Brieuc,Dinan
56135,Molac,Ploermel,Vannes,Redon,Auray,Pontivy
22153,Moncontour,St-Brieuc,Pontivy,Guingamp,Dinan,Ploermel
35183,Mondevert,Vitre,Laval,Fougeres,Chateau-Gontier,Mayennes
35186,Mont-Dol,St-Malo,Dinan,Avranches,Fougeres,St-Hilaire-Du-Harcouet
35184,Montauban-de-Bretagne,Dinan,Rennes,Ploermel,St-Malo,St-Brieuc
35185,Montautour,Vitre,Fougeres,Laval,Mayennes,St-Hilaire-Du-Harcouet
56136,Monteneuf,Ploermel,Redon,Rennes,Vannes,Pontivy
56137,Monterblanc,Vannes,Auray,Ploermel,Pontivy,Redon
35187,Monterfil,Rennes,Ploermel,Dinan,Redon,Vitre
56139,Montertelot,Ploermel,Vannes,Redon,Pontivy,Auray
35188,Montfort-sur-Meu,Rennes,Dinan,Ploermel,Redon,Vitre
35189,Montgermont,Rennes,Vitre,Dinan,Fougeres,Chateaubriant
35190,Monthault,St-Hilaire-Du-Harcouet,Fougeres,Avranches,Vitre,Mayennes
35192,Montreuil-des-Landes,Fougeres,Vitre,St-Hilaire-Du-Harcouet,Rennes,Laval
35193,Montreuil-le-Gast,Rennes,Dinan,Vitre,Fougeres,St-Malo
35194,Montreuil-sous-Pérouse,Vitre,Fougeres,Rennes,Laval,St-Hilaire-Du-Harcouet
35195,Montreuil-sur-Ille,Rennes,Dinan,Fougeres,Vitre,St-Malo
35196,Mordelles,Rennes,Dinan,Ploermel,Vitre,Redon
56140,Moréac,Pontivy,Vannes,Ploermel,Auray,Lorient
29151,Morlaix,Morlaix,Lannion,Carhaix,Guingamp,Brest
29152,Motreff,Carhaix,Quimperle,Morlaix,Concarneau,Quimper
35197,Mouazé,Rennes,Vitre,Fougeres,Dinan,St-Hilaire-Du-Harcouet
35198,Moulins,Vitre,Rennes,Chateaubriant,Fougeres,Laval
35199,Moussé,Chateaubriant,Vitre,Rennes,Laval,Chateau-Gontier
22156,Moustéru,Guingamp,Lannion,Paimpol,St-Brieuc,Carhaix
56141,Moustoir-Ac,Auray,Vannes,Pontivy,Ploermel,Lorient
35200,Moutiers,Vitre,Chateaubriant,Laval,Rennes,Chateau-Gontier
35201,Muel,Ploermel,Rennes,Dinan,Redon,Pontivy
56143,Muzillac,Vannes,Redon,St-Nazaire,Auray,Ploermel
56145,Néant-sur-Yvel,Ploermel,Pontivy,Redon,Rennes,Vannes
56146,Neulliac,Pontivy,St-Brieuc,Ploermel,Carhaix,Lorient
29153,Névez,Concarneau,Quimperle,Quimper,Lorient,Pont-L'abbe
56147,Nivillac,Redon,St-Nazaire,Vannes,Ploermel,Auray
56148,Nostang,Lorient,Auray,Quimperle,Vannes,Pontivy
35204,Nouvoitou,Rennes,Vitre,Chateaubriant,Fougeres,Laval
22160,Noyal,St-Brieuc,Dinan,St-Malo,Guingamp,Pontivy
35206,Noyal-Châtillon-sur-Seiche,Rennes,Vitre,Chateaubriant,Fougeres,Dinan
56149,Noyal-Muzillac,Vannes,Redon,Ploermel,Auray,St-Nazaire
56151,Noyal-Pontivy,Pontivy,Ploermel,Auray,Vannes,Lorient
35205,Noyal-sous-Bazouges,Dinan,Fougeres,Rennes,Avranches,St-Malo
35207,Noyal-sur-Vilaine,Rennes,Vitre,Fougeres,Chateaubriant,Laval
35208,Orgères,Rennes,Chateaubriant,Vitre,Redon,Fougeres
29155,Ouessant,Brest,Douarnenez,Quimper,Pont-L'abbe,Morlaix
22161,Pabu,Guingamp,Paimpol,Lannion,St-Brieuc,Carhaix
35210,Pacé,Rennes,Dinan,Vitre,Fougeres,Ploermel
22162,Paimpol,Paimpol,Guingamp,Lannion,St-Brieuc,Morlaix
35211,Paimpont,Ploermel,Rennes,Redon,Dinan,Pontivy
35212,Pancé,Rennes,Chateaubriant,Vitre,Redon,Ploermel
35214,Parcé,Fougeres,Vitre,St-Hilaire-Du-Harcouet,Laval,Rennes
35215,Parigné,Fougeres,St-Hilaire-Du-Harcouet,Avranches,Vitre,Mayennes
35216,Parthenay-de-Bretagne,Rennes,Dinan,Vitre,Ploermel,Fougeres
22163,Paule,Carhaix,Quimperle,Guingamp,Pontivy,Morlaix
56153,Péaule,Redon,Vannes,St-Nazaire,Ploermel,Auray
22164,Pédernec,Guingamp,Lannion,Paimpol,St-Brieuc,Morlaix
56154,Peillac,Redon,Ploermel,Vannes,St-Nazaire,Auray
29156,Pencran,Brest,Morlaix,Douarnenez,Carhaix,Quimper
56155,Pénestin,St-Nazaire,Vannes,Redon,Auray,Ploermel
22165,Penguily,St-Brieuc,Dinan,Pontivy,St-Malo,Ploermel
29158,Penmarch,Pont-L'abbe,Quimper,Douarnenez,Concarneau,Quimperle
22166,Penvénan,Lannion,Paimpol,Guingamp,Morlaix,St-Brieuc
22168,Perros-Guirec,Lannion,Paimpol,Guingamp,Morlaix,Carhaix
56156,Persquen,Pontivy,Quimperle,Lorient,Carhaix,Auray
29159,Peumerit,Pont-L'abbe,Douarnenez,Quimper,Concarneau,Brest
22169,Peumerit-Quintin,Carhaix,Guingamp,Lannion,St-Brieuc,Pontivy
35219,Pipriac,Redon,Ploermel,Rennes,Chateaubriant,Vitre
35220,Piré-Chancé,Vitre,Rennes,Chateaubriant,Fougeres,Laval
29160,Plabennec,Brest,Morlaix,Douarnenez,Quimper,Carhaix
22170,Plaine-Haute,St-Brieuc,Guingamp,Paimpol,Pontivy,Lannion
22171,Plaintel,St-Brieuc,Guingamp,Pontivy,Paimpol,Dinan
22172,Plancoët,Dinan,St-Malo,St-Brieuc,Rennes,Ploermel
56157,Plaudren,Vannes,Auray,Ploermel,Pontivy,Redon
22174,Pléboulle,St-Malo,Dinan,St-Brieuc,Paimpol,Guingamp
35221,Pléchâtel,Rennes,Chateaubriant,Redon,Vitre,Ploermel
22175,Plédéliac,Dinan,St-Brieuc,St-Malo,Guingamp,Pontivy
22176,Plédran,St-Brieuc,Guingamp,Paimpol,Pontivy,Dinan
22177,Pléguien,Guingamp,Paimpol,St-Brieuc,Lannion,Carhaix
22178,Pléhédel,Paimpol,Guingamp,St-Brieuc,Lannion,Morlaix
35222,Pleine-Fougères,Avranches,Fougeres,St-Malo,St-Hilaire-Du-Harcouet,Dinan
35223,Plélan-le-Grand,Ploermel,Rennes,Redon,Dinan,Chateaubriant
22180,Plélan-le-Petit,Dinan,St-Malo,St-Brieuc,Rennes,Ploermel
22181,Plélauff,Pontivy,Carhaix,Guingamp,Quimperle,St-Brieuc
22182,Plélo,St-Brieuc,Guingamp,Paimpol,Lannion,Pontivy
22183,Plémet,Pontivy,Ploermel,St-Brieuc,Dinan,Vannes
22184,Plémy,St-Brieuc,Pontivy,Guingamp,Dinan,Ploermel
22185,Plénée-Jugon,Dinan,St-Brieuc,St-Malo,Ploermel,Pontivy
22186,Pléneuf-Val-André,St-Brieuc,Dinan,St-Malo,Paimpol,Guingamp
35224,Plerguer,St-Malo,Dinan,Avranches,Rennes,Fougeres
22187,Plérin,St-Brieuc,Guingamp,Paimpol,Pontivy,Dinan
22188,Plerneuf,St-Brieuc,Guingamp,Paimpol,Pontivy,Lannion
56158,Plescop,Vannes,Auray,Lorient,Pontivy,Ploermel
35225,Plesder,Dinan,St-Malo,Rennes,Avranches,Fougeres
22189,Plésidy,Guingamp,St-Brieuc,Paimpol,Carhaix,Lannion
22190,Pleslin-Trigavou,Dinan,St-Malo,St-Brieuc,Rennes,Avranches
22193,Plestan,St-Brieuc,Dinan,St-Malo,Pontivy,Ploermel
22194,Plestin-les-Grèves,Lannion,Morlaix,Guingamp,Carhaix,Paimpol
22195,Pleubian,Paimpol,Lannion,Guingamp,St-Brieuc,Morlaix
56159,Pleucadeuc,Ploermel,Redon,Vannes,Auray,Pontivy
22196,Pleudaniel,Paimpol,Guingamp,Lannion,St-Brieuc,Morlaix
22197,Pleudihen-sur-Rance,Dinan,St-Malo,Rennes,Avranches,Fougeres
56160,Pleugriffet,Pontivy,Ploermel,Vannes,Auray,St-Brieuc
35226,Pleugueneuc,Dinan,St-Malo,Rennes,Avranches,Fougeres
35227,Pleumeleuc,Rennes,Dinan,Ploermel,Vitre,St-Malo
22198,Pleumeur-Bodou,Lannion,Morlaix,Paimpol,Guingamp,Carhaix
22199,Pleumeur-Gautier,Paimpol,Lannion,Guingamp,St-Brieuc,Morlaix
35228,Pleurtuit,St-Malo,Dinan,St-Brieuc,Avranches,Rennes
29161,Pleuven,Quimper,Concarneau,Pont-L'abbe,Douarnenez,Quimperle
22200,Pléven,Dinan,St-Malo,St-Brieuc,Guingamp,Paimpol
22201,Plévenon,St-Malo,Dinan,St-Brieuc,Paimpol,Guingamp
22202,Plévin,Carhaix,Quimperle,Morlaix,Guingamp,Concarneau
29162,Pleyben,Quimper,Carhaix,Douarnenez,Morlaix,Brest
29163,Pleyber-Christ,Morlaix,Carhaix,Lannion,Brest,Guingamp
29165,Plobannalec-Lesconil,Pont-L'abbe,Quimper,Concarneau,Douarnenez,Quimperle
56161,Ploemel,Auray,Lorient,Vannes,Quimperle,Pontivy
56162,Ploemeur,Lorient,Quimperle,Auray,Concarneau,Vannes
56163,Ploërdut,Carhaix,Pontivy,Quimperle,Lorient,Concarneau
56164,Ploeren,Vannes,Auray,Lorient,Pontivy,Ploermel
56165,Ploërmel,Ploermel,Redon,Vannes,Pontivy,Auray
22203,Plœuc-L'Hermitage,St-Brieuc,Pontivy,Guingamp,Paimpol,Ploermel
29166,Ploéven,Douarnenez,Quimper,Pont-L'abbe,Brest,Concarneau
22204,Ploëzal,Paimpol,Guingamp,Lannion,St-Brieuc,Morlaix
29167,Plogastel-Saint-Germain,Douarnenez,Quimper,Pont-L'abbe,Concarneau,Brest
29168,Plogoff,Douarnenez,Pont-L'abbe,Brest,Quimper,Concarneau
29169,Plogonnec,Quimper,Douarnenez,Pont-L'abbe,Concarneau,Brest
29170,Plomelin,Quimper,Pont-L'abbe,Concarneau,Douarnenez,Quimperle
29171,Plomeur,Pont-L'abbe,Quimper,Douarnenez,Concarneau,Quimperle
29172,Plomodiern,Douarnenez,Quimper,Brest,Pont-L'abbe,Concarneau
29173,Plonéis,Quimper,Douarnenez,Pont-L'abbe,Concarneau,Brest
29174,Plonéour-Lanvern,Pont-L'abbe,Quimper,Douarnenez,Concarneau,Quimperle
29175,Plonévez-du-Faou,Carhaix,Morlaix,Quimper,Douarnenez,Concarneau
29176,Plonévez-Porzay,Douarnenez,Quimper,Pont-L'abbe,Brest,Concarneau
22205,Plorec-sur-Arguenon,Dinan,St-Malo,St-Brieuc,Rennes,Ploermel
22207,Plouaret,Lannion,Guingamp,Morlaix,Paimpol,Carhaix
29177,Plouarzel,Brest,Douarnenez,Morlaix,Quimper,Pont-L'abbe
22208,Plouasne,Dinan,Rennes,St-Malo,Ploermel,St-Brieuc
56166,Plouay,Quimperle,Lorient,Pontivy,Auray,Carhaix
22210,Ploubazlanec,Paimpol,Guingamp,Lannion,St-Brieuc,Morlaix
22211,Ploubezre,Lannion,Guingamp,Morlaix,Paimpol,Carhaix
29178,Ploudalmézeau,Brest,Douarnenez,Morlaix,Quimper,Pont-L'abbe
29179,Ploudaniel,Brest,Morlaix,Douarnenez,Carhaix,Quimper
29180,Ploudiry,Morlaix,Brest,Douarnenez,Carhaix,Quimper
22212,Plouëc-du-Trieux,Guingamp,Paimpol,Lannion,St-Brieuc,Morlaix
29181,Plouédern,Brest,Morlaix,Douarnenez,Carhaix,Quimper
29182,Plouégat-Guérand,Morlaix,Lannion,Carhaix,Guingamp,Paimpol
29183,Plouégat-Moysan,Morlaix,Lannion,Carhaix,Guingamp,Paimpol
29184,Plouénan,Morlaix,Lannion,Brest,Carhaix,Guingamp
22213,Plouër-sur-Rance,Dinan,St-Malo,Rennes,Avranches,St-Brieuc
29185,Plouescat,Morlaix,Brest,Lannion,Carhaix,Douarnenez
22214,Plouézec,Paimpol,Guingamp,St-Brieuc,Lannion,Morlaix
29186,Plouezoc'h,Morlaix,Lannion,Carhaix,Guingamp,Brest
22215,Ploufragan,St-Brieuc,Guingamp,Paimpol,Pontivy,Lannion
29187,Plougar,Morlaix,Brest,Carhaix,Lannion,Douarnenez
29188,Plougasnou,Morlaix,Lannion,Carhaix,Guingamp,Paimpol
29189,Plougastel-Daoulas,Brest,Douarnenez,Quimper,Morlaix,Pont-L'abbe
29190,Plougonvelin,Brest,Douarnenez,Quimper,Pont-L'abbe,Morlaix
29191,Plougonven,Morlaix,Carhaix,Lannion,Guingamp,Brest
22216,Plougonver,Guingamp,Lannion,Carhaix,Morlaix,Paimpol
29192,Plougoulm,Morlaix,Lannion,Brest,Carhaix,Douarnenez
56167,Plougoumelen,Auray,Vannes,Lorient,Pontivy,Ploermel
29193,Plougourvest,Morlaix,Brest,Carhaix,Lannion,Douarnenez
22217,Plougras,Morlaix,Carhaix,Lannion,Guingamp,Paimpol
22218,Plougrescant,Paimpol,Lannion,Guingamp,Morlaix,St-Brieuc
22219,Plouguenast-Langast,St-Brieuc,Pontivy,Ploermel,Guingamp,Dinan
29195,Plouguerneau,Brest,Morlaix,Douarnenez,Quimper,Carhaix
22220,Plouguernével,Carhaix,Pontivy,Guingamp,Quimperle,St-Brieuc
22221,Plouguiel,Paimpol,Lannion,Guingamp,St-Brieuc,Morlaix
29196,Plouguin,Brest,Douarnenez,Morlaix,Quimper,Pont-L'abbe
22222,Plouha,Paimpol,Guingamp,St-Brieuc,Lannion,Carhaix
56168,Plouharnel,Auray,Lorient,Vannes,Quimperle,Pontivy
29197,Plouhinec,Lorient,Douarnenez,Auray,Pont-L'abbe,Quimper
56169,Plouhinec,Quimperle,Vannes,Brest,Concarneau,Pontivy
29198,Plouider,Brest,Morlaix,Douarnenez,Lannion,Carhaix
29199,Plouigneau,Morlaix,Lannion,Carhaix,Guingamp,Paimpol
22223,Plouisy,Guingamp,Paimpol,Lannion,St-Brieuc,Carhaix
22224,Ploulec'h,Lannion,Morlaix,Guingamp,Paimpol,Carhaix
22225,Ploumagoar,Guingamp,St-Brieuc,Paimpol,Lannion,Carhaix
22226,Ploumilliau,Lannion,Morlaix,Guingamp,Paimpol,Carhaix
29201,Ploumoguer,Brest,Douarnenez,Quimper,Morlaix,Pont-L'abbe
29021,Plounéour-Brignogan-plages,Brest,Morlaix,Douarnenez,Lannion,Carhaix
29202,Plounéour-Ménez,Morlaix,Carhaix,Lannion,Brest,Douarnenez
22227,Plounérin,Lannion,Morlaix,Guingamp,Carhaix,Paimpol
29204,Plounéventer,Brest,Morlaix,Douarnenez,Carhaix,Lannion
29206,Plounévez-Lochrist,Morlaix,Brest,Lannion,Carhaix,Douarnenez
22228,Plounévez-Moëdec,Lannion,Guingamp,Morlaix,Carhaix,Paimpol
22229,Plounévez-Quintin,Carhaix,Guingamp,Pontivy,St-Brieuc,Lannion
29205,Plounévézel,Carhaix,Morlaix,Guingamp,Lannion,Quimperle
22231,Plourac'h,Carhaix,Morlaix,Lannion,Guingamp,Paimpol
56170,Plouray,Carhaix,Quimperle,Pontivy,Lorient,Concarneau
22232,Plourhan,St-Brieuc,Paimpol,Guingamp,Lannion,Pontivy
29208,Plourin,Brest,Douarnenez,Morlaix,Quimper,Pont-L'abbe
29207,Plourin-lès-Morlaix,Morlaix,Carhaix,Lannion,Guingamp,Brest
22233,Plourivo,Paimpol,Guingamp,Lannion,St-Brieuc,Morlaix
22234,Plouvara,St-Brieuc,Guingamp,Paimpol,Lannion,Pontivy
29209,Plouvien,Brest,Morlaix,Douarnenez,Quimper,Carhaix
29210,Plouvorn,Morlaix,Brest,Lannion,Carhaix,Douarnenez
29211,Plouyé,Carhaix,Morlaix,Quimper,Lannion,Douarnenez
29212,Plouzané,Brest,Douarnenez,Quimper,Morlaix,Pont-L'abbe
22235,Plouzélambre,Lannion,Morlaix,Guingamp,Paimpol,Carhaix
29213,Plouzévédé,Morlaix,Brest,Lannion,Carhaix,Douarnenez
29214,Plovan,Pont-L'abbe,Douarnenez,Quimper,Concarneau,Brest
29215,Plozévet,Douarnenez,Pont-L'abbe,Quimper,Concarneau,Brest
22236,Pludual,Paimpol,Guingamp,St-Brieuc,Lannion,Carhaix
22237,Pluduno,Dinan,St-Malo,St-Brieuc,Rennes,Paimpol
22238,Plufur,Lannion,Morlaix,Guingamp,Carhaix,Paimpol
29216,Pluguffan,Quimper,Pont-L'abbe,Douarnenez,Concarneau,Quimperle
56171,Pluherlin,Redon,Ploermel,Vannes,Auray,St-Nazaire
22239,Plumaudan,Dinan,St-Malo,Rennes,St-Brieuc,Ploermel
22240,Plumaugat,Dinan,Ploermel,Rennes,St-Malo,St-Brieuc
56172,Plumelec,Vannes,Ploermel,Auray,Pontivy,Redon
56173,Pluméliau-Bieuzy,Pontivy,Auray,Lorient,Vannes,Quimperle
56174,Plumelin,Pontivy,Auray,Vannes,Ploermel,Lorient
56175,Plumergat,Auray,Vannes,Lorient,Pontivy,Ploermel
22241,Plumieux,Pontivy,Ploermel,St-Brieuc,Vannes,Dinan
56176,Pluneret,Auray,Vannes,Lorient,Pontivy,Ploermel
22242,Plurien,St-Brieuc,St-Malo,Dinan,Paimpol,Guingamp
22243,Plusquellec,Carhaix,Guingamp,Morlaix,Lannion,Paimpol
22244,Plussulien,Pontivy,Guingamp,St-Brieuc,Carhaix,Paimpol
56177,Pluvigner,Auray,Vannes,Lorient,Pontivy,Quimperle
22245,Pluzunet,Lannion,Guingamp,Paimpol,Morlaix,Carhaix
35229,Pocé-les-Bois,Vitre,Fougeres,Rennes,Laval,Chateaubriant
35230,Poilley,Fougeres,St-Hilaire-Du-Harcouet,Avranches,Vitre,Rennes
35231,Poligné,Rennes,Chateaubriant,Redon,Vitre,Ploermel
22246,Pommeret,St-Brieuc,Guingamp,Dinan,Paimpol,Pontivy
22248,Pommerit-le-Vicomte,Guingamp,Paimpol,Lannion,St-Brieuc,Carhaix
29217,Pont-Aven,Concarneau,Quimperle,Quimper,Lorient,Pont-L'abbe
29218,Pont-Croix,Douarnenez,Pont-L'abbe,Quimper,Brest,Concarneau
29302,Pont-de-Buis-lès-Quimerch,Douarnenez,Brest,Quimper,Morlaix,Carhaix
29220,Pont-l'Abbé,Pont-L'abbe,Quimper,Concarneau,Douarnenez,Quimperle
22249,Pont-Melvez,Guingamp,Lannion,Carhaix,Paimpol,St-Brieuc
35363,Pont-Péan,Rennes,Vitre,Chateaubriant,Redon,Ploermel
56179,Pont-Scorff,Lorient,Quimperle,Concarneau,Auray,Pontivy
56178,Pontivy,Pontivy,Auray,Ploermel,Lorient,Vannes
22250,Pontrieux,Paimpol,Guingamp,Lannion,St-Brieuc,Morlaix
56180,Porcaro,Ploermel,Redon,Rennes,Vannes,Pontivy
22251,Pordic,St-Brieuc,Guingamp,Paimpol,Lannion,Pontivy
29221,Porspoder,Brest,Douarnenez,Morlaix,Quimper,Pont-L'abbe
29222,Port-Launay,Douarnenez,Quimper,Brest,Carhaix,Pont-L'abbe
56181,Port-Louis,Lorient,Quimperle,Auray,Concarneau,Vannes
29224,Pouldergat,Douarnenez,Quimper,Pont-L'abbe,Concarneau,Brest
29225,Pouldreuzic,Douarnenez,Pont-L'abbe,Quimper,Concarneau,Brest
29226,Poullan-sur-Mer,Douarnenez,Quimper,Pont-L'abbe,Brest,Concarneau
29227,Poullaouen,Carhaix,Morlaix,Lannion,Guingamp,Quimper
22254,Prat,Lannion,Guingamp,Paimpol,Morlaix,St-Brieuc
29228,Primelin,Douarnenez,Pont-L'abbe,Quimper,Brest,Concarneau
35232,Princé,Fougeres,Vitre,Laval,St-Hilaire-Du-Harcouet,Mayennes
56182,Priziac,Quimperle,Carhaix,Lorient,Pontivy,Concarneau
35233,Québriac,Dinan,Rennes,St-Malo,Fougeres,Avranches
35234,Quédillac,Dinan,Rennes,Ploermel,St-Malo,St-Brieuc
29229,Quéménéven,Douarnenez,Quimper,Pont-L'abbe,Concarneau,Brest
22256,Quemper-Guézennec,Paimpol,Guingamp,Lannion,St-Brieuc,Morlaix
22257,Quemperven,Lannion,Guingamp,Paimpol,Morlaix,St-Brieuc
29230,Querrien,Quimperle,Lorient,Concarneau,Carhaix,Quimper
22258,Quessoy,St-Brieuc,Guingamp,Pontivy,Dinan,Paimpol
56184,Questembert,Vannes,Redon,Ploermel,Auray,St-Nazaire
56185,Quéven,Lorient,Quimperle,Auray,Concarneau,Pontivy
22259,Quévert,Dinan,St-Malo,Rennes,St-Brieuc,Avranches
56186,Quiberon,Auray,Vannes,Lorient,Quimperle,Pontivy
29232,Quimper,Quimper,Pont-L'abbe,Douarnenez,Concarneau,Quimperle
29233,Quimperlé,Quimperle,Lorient,Concarneau,Quimper,Carhaix
22261,Quintenic,St-Brieuc,Dinan,St-Malo,Guingamp,Paimpol
22262,Quintin,St-Brieuc,Guingamp,Pontivy,Paimpol,Carhaix
56188,Quistinic,Lorient,Pontivy,Auray,Quimperle,Vannes
56189,Radenac,Pontivy,Ploermel,Vannes,Auray,Lorient
35235,Rannée,Chateaubriant,Vitre,Laval,Chateau-Gontier,Rennes
29234,Rédené,Quimperle,Lorient,Concarneau,Auray,Carhaix
35236,Redon,Redon,Ploermel,St-Nazaire,Vannes,Chateaubriant
56190,Réguiny,Pontivy,Ploermel,Vannes,Auray,Lorient
56191,Réminiac,Ploermel,Redon,Vannes,Rennes,Pontivy
35237,Renac,Redon,Ploermel,Chateaubriant,Rennes,St-Nazaire
35238,Rennes,Rennes,Vitre,Fougeres,Dinan,Chateaubriant
35239,Retiers,Chateaubriant,Vitre,Rennes,Laval,Chateau-Gontier
56193,Riantec,Lorient,Auray,Quimperle,Vannes,Concarneau
29236,Riec-sur-Bélon,Quimperle,Concarneau,Lorient,Quimper,Pont-L'abbe
56194,Rieux,Redon,St-Nazaire,Ploermel,Vannes,Chateaubriant
35242,Rimou,Fougeres,Rennes,Avranches,Vitre,St-Hilaire-Du-Harcouet
35282,Rives-du-Couesnon,Fougeres,Vitre,Rennes,St-Hilaire-Du-Harcouet,Avranches
56196,Rochefort-en-Terre,Redon,Ploermel,Vannes,Auray,St-Nazaire
56198,Rohan,Pontivy,Ploermel,St-Brieuc,Vannes,Auray
35243,Romagné,Fougeres,Vitre,St-Hilaire-Du-Harcouet,Avranches,Rennes
35244,Romazy,Fougeres,Rennes,Vitre,St-Hilaire-Du-Harcouet,Avranches
35245,Romillé,Rennes,Dinan,St-Malo,Vitre,Ploermel
29238,Roscanvel,Brest,Douarnenez,Quimper,Pont-L'abbe,Morlaix
29239,Roscoff,Morlaix,Lannion,Brest,Carhaix,Guingamp
29240,Rosnoën,Douarnenez,Brest,Quimper,Morlaix,Pont-L'abbe
22265,Rospez,Lannion,Guingamp,Paimpol,Morlaix,Carhaix
29241,Rosporden,Concarneau,Quimperle,Quimper,Pont-L'abbe,Carhaix
22266,Rostrenen,Carhaix,Pontivy,Guingamp,Quimperle,St-Brieuc
56199,Roudouallec,Carhaix,Quimperle,Concarneau,Quimper,Douarnenez
22267,Rouillac,Dinan,St-Brieuc,Ploermel,St-Malo,Pontivy
35246,Roz-Landrieux,St-Malo,Dinan,Avranches,Rennes,Fougeres
35247,Roz-sur-Couesnon,Avranches,St-Malo,St-Hilaire-Du-Harcouet,Dinan,Fougeres
22268,Ruca,Dinan,St-Malo,St-Brieuc,Paimpol,Guingamp
56200,Ruffiac,Ploermel,Redon,Vannes,Pontivy,Auray
22269,Runan,Guingamp,Paimpol,Lannion,St-Brieuc,Morlaix
35248,Sains,Avranches,St-Malo,Dinan,Fougeres,St-Hilaire-Du-Harcouet
56202,Saint-Abraham,Ploermel,Redon,Vannes,Pontivy,Auray
22271,Saint-Adrien,Guingamp,St-Brieuc,Paimpol,Lannion,Carhaix
22272,Saint-Agathon,Guingamp,Paimpol,St-Brieuc,Lannion,Carhaix
56203,Saint-Aignan,Pontivy,Carhaix,St-Brieuc,Guingamp,Quimperle
22273,Saint-Alban,St-Brieuc,Dinan,St-Malo,Paimpol,Guingamp
56204,Saint-Allouestre,Pontivy,Ploermel,Vannes,Auray,Lorient
22274,Saint-André-des-Eaux,Dinan,St-Malo,Rennes,St-Brieuc,Ploermel
35250,Saint-Armel,Vannes,Rennes,Auray,Vitre,Chateaubriant
56205,Saint-Armel,St-Nazaire,Ploermel,Fougeres,Redon,Redon
35251,Saint-Aubin-d'Aubigné,Rennes,Vitre,Fougeres,Dinan,St-Hilaire-Du-Harcouet
35252,Saint-Aubin-des-Landes,Vitre,Fougeres,Rennes,Laval,Chateaubriant
35253,Saint-Aubin-du-Cormier,Fougeres,Vitre,Rennes,St-Hilaire-Du-Harcouet,Avranches
56206,Saint-Avé,Vannes,Auray,Ploermel,Pontivy,Lorient
22275,Saint-Barnabé,Pontivy,Ploermel,St-Brieuc,Vannes,Auray
56207,Saint-Barthélemy,Pontivy,Auray,Lorient,Vannes,Quimperle
35255,Saint-Benoît-des-Ondes,St-Malo,Dinan,Avranches,Rennes,St-Hilaire-Du-Harcouet
22276,Saint-Bihy,St-Brieuc,Guingamp,Pontivy,Paimpol,Carhaix
22277,Saint-Brandan,St-Brieuc,Guingamp,Pontivy,Paimpol,Carhaix
35256,Saint-Briac-sur-Mer,St-Malo,Dinan,St-Brieuc,Avranches,Rennes
22278,Saint-Brieuc,St-Brieuc,Guingamp,Paimpol,Pontivy,Dinan
56208,Saint-Brieuc-de-Mauron,Ploermel,Pontivy,Dinan,Rennes,Redon
35258,Saint-Brieuc-des-Iffs,Dinan,Rennes,St-Malo,Fougeres,Vitre
35259,Saint-Broladre,Avranches,St-Malo,Dinan,St-Hilaire-Du-Harcouet,Fougeres
22279,Saint-Caradec,Pontivy,St-Brieuc,Ploermel,Guingamp,Carhaix
56210,Saint-Caradec-Trégomel,Quimperle,Lorient,Carhaix,Pontivy,Concarneau
22280,Saint-Carné,Dinan,St-Malo,Rennes,St-Brieuc,Ploermel
22281,Saint-Carreuc,St-Brieuc,Guingamp,Pontivy,Paimpol,Dinan
22282,Saint-Cast-le-Guildo,St-Malo,Dinan,St-Brieuc,Paimpol,Guingamp
35261,Saint-Christophe-de-Valains,Fougeres,Vitre,Rennes,St-Hilaire-Du-Harcouet,Avranches
35260,Saint-Christophe-des-Bois,Vitre,Fougeres,Rennes,Laval,St-Hilaire-Du-Harcouet
22283,Saint-Clet,Guingamp,Paimpol,Lannion,St-Brieuc,Morlaix
56211,Saint-Congard,Ploermel,Redon,Vannes,Auray,Pontivy
22284,Saint-Connan,Guingamp,St-Brieuc,Paimpol,Carhaix,Pontivy
22285,Saint-Connec,Pontivy,St-Brieuc,Guingamp,Ploermel,Carhaix
29243,Saint-Coulitz,Douarnenez,Quimper,Concarneau,Pont-L'abbe,Carhaix
35263,Saint-Coulomb,St-Malo,Dinan,Avranches,St-Hilaire-Du-Harcouet,Rennes
22286,Saint-Denoual,Dinan,St-Brieuc,St-Malo,Paimpol,Guingamp
29244,Saint-Derrien,Morlaix,Brest,Douarnenez,Carhaix,Lannion
35264,Saint-Didier,Vitre,Rennes,Fougeres,Chateaubriant,Laval
29245,Saint-Divy,Brest,Morlaix,Douarnenez,Quimper,Carhaix
56212,Saint-Dolay,Redon,St-Nazaire,Vannes,Ploermel,Auray
35265,Saint-Domineuc,Dinan,Rennes,St-Malo,Fougeres,Avranches
22287,Saint-Donan,St-Brieuc,Guingamp,Paimpol,Pontivy,Lannion
29246,Saint-Eloy,Brest,Morlaix,Douarnenez,Carhaix,Quimper
35266,Saint-Erblon,Rennes,Vitre,Chateaubriant,Fougeres,Redon
22288,Saint-Étienne-du-Gué-de-l'Isle,Pontivy,Ploermel,St-Brieuc,Vannes,Auray
29247,Saint-Évarzec,Quimper,Concarneau,Pont-L'abbe,Douarnenez,Quimperle
22289,Saint-Fiacre,Guingamp,St-Brieuc,Paimpol,Lannion,Carhaix
29248,Saint-Frégant,Brest,Morlaix,Douarnenez,Lannion,Carhaix
35268,Saint-Ganton,Redon,Chateaubriant,Ploermel,Rennes,St-Nazaire
35270,Saint-Georges-de-Gréhaigne,Avranches,St-Hilaire-Du-Harcouet,St-Malo,Fougeres,Dinan
35271,Saint-Georges-de-Reintembault,St-Hilaire-Du-Harcouet,Fougeres,Avranches,Vitre,Mayennes
56213,Saint-Gérand-Croixanvec,Pontivy,Ploermel,St-Brieuc,Auray,Vannes
35272,Saint-Germain-du-Pinel,Vitre,Laval,Chateaubriant,Fougeres,Chateau-Gontier
35273,Saint-Germain-en-Coglès,Fougeres,St-Hilaire-Du-Harcouet,Vitre,Avranches,Rennes
35274,Saint-Germain-sur-Ille,Rennes,Vitre,Fougeres,Dinan,St-Malo
22291,Saint-Gildas,Guingamp,St-Brieuc,Paimpol,Pontivy,Carhaix
56214,Saint-Gildas-de-Rhuys,Vannes,Auray,Lorient,St-Nazaire,Ploermel
35275,Saint-Gilles,Rennes,Dinan,Vitre,Ploermel,Fougeres
22293,Saint-Gilles-les-Bois,Guingamp,Paimpol,Lannion,St-Brieuc,Morlaix
22294,Saint-Gilles-Pligeaux,Guingamp,St-Brieuc,Pontivy,Carhaix,Paimpol
22295,Saint-Gilles-Vieux-Marché,Pontivy,St-Brieuc,Guingamp,Carhaix,Ploermel
22296,Saint-Glen,St-Brieuc,Dinan,Pontivy,Ploermel,St-Malo
29249,Saint-Goazec,Carhaix,Quimper,Concarneau,Quimperle,Douarnenez
35276,Saint-Gondran,Rennes,Dinan,St-Malo,Vitre,Fougeres
35277,Saint-Gonlay,Rennes,Ploermel,Dinan,Redon,St-Malo
56215,Saint-Gonnery,Pontivy,Ploermel,St-Brieuc,Vannes,Auray
56216,Saint-Gorgon,Redon,Ploermel,Vannes,St-Nazaire,Auray
56218,Saint-Gravé,Redon,Ploermel,Vannes,St-Nazaire,Auray
35278,Saint-Grégoire,Rennes,Vitre,Dinan,Fougeres,Chateaubriant
35279,Saint-Guinoux,St-Malo,Dinan,Avranches,Rennes,Fougeres
56219,Saint-Guyomard,Ploermel,Vannes,Redon,Auray,Pontivy
22299,Saint-Hélen,Dinan,St-Malo,Rennes,Avranches,Fougeres
29250,Saint-Hernin,Carhaix,Quimperle,Morlaix,Quimper,Concarneau
22300,Saint-Hervé,Pontivy,St-Brieuc,Guingamp,Ploermel,Carhaix
35280,Saint-Hilaire-des-Landes,Fougeres,Vitre,St-Hilaire-Du-Harcouet,Rennes,Avranches
22334,Saint-Igeaux,Pontivy,Guingamp,Carhaix,St-Brieuc,Paimpol
35281,Saint-Jacques-de-la-Lande,Rennes,Vitre,Chateaubriant,Dinan,Fougeres
22302,Saint-Jacut-de-la-Mer,St-Malo,Dinan,St-Brieuc,Avranches,Rennes
56221,Saint-Jacut-les-Pins,Redon,Ploermel,Vannes,St-Nazaire,Auray
56222,Saint-Jean-Brévelay,Vannes,Auray,Ploermel,Pontivy,Lorient
29251,Saint-Jean-du-Doigt,Morlaix,Lannion,Carhaix,Guingamp,Paimpol
22304,Saint-Jean-Kerdaniel,Guingamp,St-Brieuc,Paimpol,Lannion,Carhaix
56223,Saint-Jean-la-Poterie,Redon,Ploermel,St-Nazaire,Vannes,Chateaubriant
35283,Saint-Jean-sur-Vilaine,Vitre,Rennes,Fougeres,Laval,Chateaubriant
29252,Saint-Jean-Trolimon,Pont-L'abbe,Quimper,Douarnenez,Concarneau,Quimperle
22305,Saint-Jouan-de-l'Isle,Dinan,Rennes,Ploermel,St-Malo,St-Brieuc
35284,Saint-Jouan-des-Guérets,St-Malo,Dinan,Avranches,Rennes,St-Brieuc
22306,Saint-Judoce,Dinan,St-Malo,Rennes,Fougeres,Ploermel
22307,Saint-Julien,St-Brieuc,Guingamp,Paimpol,Pontivy,Lannion
35285,Saint-Just,Redon,Ploermel,Chateaubriant,Rennes,St-Nazaire
22308,Saint-Juvat,Dinan,St-Malo,Rennes,St-Brieuc,Ploermel
22309,Saint-Launeuc,Dinan,Ploermel,St-Brieuc,Pontivy,Rennes
22310,Saint-Laurent,Guingamp,Lannion,Paimpol,St-Brieuc,Morlaix
56224,Saint-Laurent-sur-Oust,Ploermel,Redon,Vannes,Auray,Pontivy
35286,Saint-Léger-des-Prés,Dinan,Rennes,Fougeres,St-Malo,Avranches
56225,Saint-Léry,Ploermel,Rennes,Dinan,Pontivy,Redon
22311,Saint-Lormel,Dinan,St-Malo,St-Brieuc,Rennes,Paimpol
35287,Saint-Lunaire,St-Malo,Dinan,St-Brieuc,Avranches,Rennes
35300,Saint-M'Hervé,Vitre,Fougeres,Laval,Mayennes,Rennes
22312,Saint-Maden,Dinan,St-Malo,Rennes,Ploermel,St-Brieuc
35288,Saint-Malo,St-Malo,Dinan,Avranches,St-Brieuc,Rennes
56226,Saint-Malo-de-Beignon,Ploermel,Redon,Rennes,Dinan,Vannes
35289,Saint-Malo-de-Phily,Rennes,Redon,Chateaubriant,Ploermel,Vitre
56227,Saint-Malo-des-Trois-Fontaines,Ploermel,Pontivy,Vannes,Redon,Auray
35290,Saint-Malon-sur-Mel,Ploermel,Rennes,Dinan,Redon,Pontivy
35292,Saint-Marc-le-Blanc,Fougeres,Vitre,St-Hilaire-Du-Harcouet,Avranches,Rennes
35291,Saint-Marcan,Avranches,St-Malo,Dinan,St-Hilaire-Du-Harcouet,Fougeres
56228,Saint-Marcel,Ploermel,Vannes,Redon,Auray,Pontivy
29254,Saint-Martin-des-Champs,Morlaix,Lannion,Carhaix,Brest,Guingamp
22313,Saint-Martin-des-Prés,St-Brieuc,Pontivy,Guingamp,Carhaix,Paimpol
56229,Saint-Martin-sur-Oust,Redon,Ploermel,Vannes,Auray,St-Nazaire
22314,Saint-Maudan,Pontivy,Ploermel,St-Brieuc,Vannes,Auray
22315,Saint-Maudez,Dinan,St-Malo,St-Brieuc,Rennes,Ploermel
35295,Saint-Maugan,Rennes,Ploermel,Dinan,Redon,St-Malo
22316,Saint-Mayeux,Pontivy,St-Brieuc,Guingamp,Carhaix,Paimpol
35296,Saint-Médard-sur-Ille,Rennes,Dinan,Fougeres,Vitre,St-Malo
29255,Saint-Méen,Brest,Morlaix,Douarnenez,Carhaix,Lannion
35297,Saint-Méen-le-Grand,Dinan,Ploermel,Rennes,St-Malo,St-Brieuc
22317,Saint-Méloir-des-Bois,Dinan,St-Malo,St-Brieuc,Rennes,Ploermel
35299,Saint-Méloir-des-Ondes,St-Malo,Dinan,Avranches,Rennes,St-Hilaire-Du-Harcouet
22318,Saint-Michel-de-Plélan,Dinan,St-Malo,St-Brieuc,Rennes,Ploermel
22319,Saint-Michel-en-Grève,Lannion,Morlaix,Guingamp,Paimpol,Carhaix
29256,Saint-Nic,Douarnenez,Brest,Quimper,Pont-L'abbe,Concarneau
22320,Saint-Nicodème,Carhaix,Guingamp,Lannion,Morlaix,St-Brieuc
22321,Saint-Nicolas-du-Pélem,Guingamp,Carhaix,Pontivy,St-Brieuc,Lannion
56230,Saint-Nicolas-du-Tertre,Redon,Ploermel,Vannes,Rennes,Pontivy
56231,Saint-Nolff,Vannes,Auray,Ploermel,Pontivy,Redon
35302,Saint-Onen-la-Chapelle,Ploermel,Dinan,Rennes,St-Malo,Pontivy
35304,Saint-Ouen-des-Alleux,Fougeres,Vitre,Rennes,St-Hilaire-Du-Harcouet,Avranches
29257,Saint-Pabu,Brest,Douarnenez,Morlaix,Quimper,Pont-L'abbe
35305,Saint-Péran,Ploermel,Rennes,Dinan,Redon,Pontivy
35306,Saint-Père-Marc-en-Poulet,St-Malo,Dinan,Avranches,Rennes,Fougeres
35307,Saint-Pern,Dinan,Rennes,St-Malo,Ploermel,Vitre
56232,Saint-Perreux,Redon,Ploermel,St-Nazaire,Vannes,Chateaubriant
22322,Saint-Péver,Guingamp,St-Brieuc,Paimpol,Lannion,Carhaix
56233,Saint-Philibert,Auray,Vannes,Lorient,Quimperle,Pontivy
56234,Saint-Pierre-Quiberon,Auray,Lorient,Vannes,Quimperle,Pontivy
29259,Saint-Pol-de-Léon,Morlaix,Lannion,Brest,Carhaix,Guingamp
22323,Saint-Pôtan,Dinan,St-Malo,St-Brieuc,Paimpol,Guingamp
22324,Saint-Quay-Perros,Lannion,Paimpol,Guingamp,Morlaix,Carhaix
22325,Saint-Quay-Portrieux,St-Brieuc,Paimpol,Guingamp,Lannion,St-Malo
35309,Saint-Rémy-du-Plain,Fougeres,Rennes,Dinan,Vitre,Avranches
29260,Saint-Renan,Brest,Douarnenez,Morlaix,Quimper,Pont-L'abbe
22326,Saint-Rieul,St-Brieuc,Dinan,St-Malo,Pontivy,Guingamp
29261,Saint-Rivoal,Morlaix,Carhaix,Brest,Douarnenez,Quimper
22327,Saint-Samson-sur-Rance,Dinan,St-Malo,Rennes,St-Brieuc,Avranches
29262,Saint-Sauveur,Morlaix,Brest,Carhaix,Douarnenez,Lannion
35310,Saint-Sauveur-des-Landes,Fougeres,Vitre,St-Hilaire-Du-Harcouet,Rennes,Avranches
29263,Saint-Ségal,Douarnenez,Quimper,Brest,Carhaix,Morlaix
35311,Saint-Séglin,Redon,Ploermel,Rennes,Chateaubriant,Vannes
35312,Saint-Senoux,Rennes,Redon,Chateaubriant,Ploermel,Vitre
29264,Saint-Servais,Carhaix,Morlaix,Guingamp,Brest,Lannion
22328,Saint-Servais,Morlaix,St-Brieuc,Douarnenez,Carhaix,Lannion
56236,Saint-Servant,Ploermel,Vannes,Pontivy,Redon,Auray
35314,Saint-Suliac,St-Malo,Dinan,Avranches,Rennes,St-Brieuc
35316,Saint-Sulpice-des-Landes,Chateaubriant,Redon,Rennes,Vitre,Ploermel
35315,Saint-Sulpice-la-Forêt,Rennes,Vitre,Fougeres,Dinan,St-Hilaire-Du-Harcouet
35317,Saint-Symphorien,Rennes,Dinan,St-Malo,Fougeres,Vitre
29266,Saint-Thégonnec Loc-Eguiner,Morlaix,Carhaix,Brest,Lannion,Douarnenez
22330,Saint-Thélo,Pontivy,St-Brieuc,Guingamp,Ploermel,Carhaix
29267,Saint-Thois,Quimper,Carhaix,Douarnenez,Concarneau,Pont-L'abbe
29268,Saint-Thonan,Brest,Morlaix,Douarnenez,Quimper,Carhaix
35318,Saint-Thual,Dinan,Rennes,St-Malo,Fougeres,Ploermel
35319,Saint-Thurial,Rennes,Ploermel,Redon,Dinan,Chateaubriant
56237,Saint-Thuriau,Pontivy,Auray,Vannes,Ploermel,Lorient
29269,Saint-Thurien,Quimperle,Concarneau,Lorient,Quimper,Carhaix
22332,Saint-Trimoël,St-Brieuc,Dinan,Pontivy,St-Malo,Guingamp
56238,Saint-Tugdual,Carhaix,Quimperle,Pontivy,Lorient,Concarneau
35320,Saint-Uniac,Rennes,Dinan,Ploermel,St-Malo,Redon
29270,Saint-Urbain,Brest,Morlaix,Douarnenez,Quimper,Carhaix
56239,Saint-Vincent-sur-Oust,Redon,Ploermel,Vannes,St-Nazaire,Rennes
29271,Saint-Vougay,Morlaix,Brest,Lannion,Carhaix,Douarnenez
22333,Saint-Vran,Ploermel,St-Brieuc,Dinan,Pontivy,St-Malo
29272,Saint-Yvi,Concarneau,Quimper,Pont-L'abbe,Quimperle,Douarnenez
56263,Sainte-Anne-d'Auray,Auray,Vannes,Lorient,Pontivy,Quimperle
35249,Sainte-Anne-sur-Vilaine,Redon,Chateaubriant,Rennes,Ploermel,Vitre
56209,Sainte-Brigitte,Pontivy,Carhaix,Guingamp,St-Brieuc,Quimperle
35262,Sainte-Colombe,Chateaubriant,Vitre,Rennes,Laval,Redon
56220,Sainte-Hélène,Lorient,Auray,Quimperle,Vannes,Pontivy
35294,Sainte-Marie,Redon,Ploermel,Chateaubriant,St-Nazaire,Rennes
29265,Sainte-Sève,Morlaix,Lannion,Carhaix,Brest,Guingamp
22331,Sainte-Tréphine,Carhaix,Pontivy,Guingamp,St-Brieuc,Quimperle
29273,Santec,Morlaix,Lannion,Brest,Carhaix,Guingamp
56240,Sarzeau,Vannes,Auray,St-Nazaire,Lorient,Redon
35321,Saulnières,Rennes,Chateaubriant,Vitre,Redon,Fougeres
56241,Sauzon,Auray,Lorient,Vannes,Quimperle,St-Nazaire
29274,Scaër,Quimperle,Concarneau,Quimper,Carhaix,Pont-L'abbe
29275,Scrignac,Carhaix,Morlaix,Lannion,Guingamp,Quimper
56242,Séglien,Pontivy,Carhaix,Quimperle,Lorient,Auray
56243,Séné,Vannes,Auray,Ploermel,Redon,Lorient
35326,Sens-de-Bretagne,Rennes,Fougeres,Vitre,Dinan,Avranches
22335,Senven-Léhart,Guingamp,St-Brieuc,Paimpol,Carhaix,Pontivy
56244,Sérent,Ploermel,Vannes,Redon,Pontivy,Auray
35327,Servon-sur-Vilaine,Vitre,Rennes,Fougeres,Chateaubriant,Laval
22337,Sévignac,Dinan,St-Brieuc,St-Malo,Ploermel,Rennes
29276,Sibiril,Morlaix,Brest,Lannion,Carhaix,Douarnenez
56245,Silfiac,Pontivy,Carhaix,Quimperle,Lorient,Guingamp
35328,Sixt-sur-Aff,Redon,Ploermel,Rennes,Chateaubriant,Vannes
29277,Sizun,Morlaix,Brest,Carhaix,Douarnenez,Quimper
35329,Sougeal,Avranches,Fougeres,St-Hilaire-Du-Harcouet,St-Malo,Dinan
29278,Spézet,Carhaix,Quimperle,Quimper,Concarneau,Morlaix
22338,Squiffiec,Guingamp,Paimpol,Lannion,St-Brieuc,Morlaix
56247,Sulniac,Vannes,Auray,Ploermel,Redon,St-Nazaire
56248,Surzur,Vannes,Auray,Redon,St-Nazaire,Ploermel
22339,Taden,Dinan,St-Malo,Rennes,St-Brieuc,Avranches
35330,Taillis,Vitre,Fougeres,Rennes,Laval,St-Hilaire-Du-Harcouet
35331,Talensac,Rennes,Ploermel,Dinan,Redon,Vitre
29279,Taulé,Morlaix,Lannion,Carhaix,Brest,Guingamp
56249,Taupont,Ploermel,Pontivy,Vannes,Redon,Auray
35332,Teillay,Chateaubriant,Rennes,Vitre,Redon,Chateau-Gontier
29280,Telgruc-sur-Mer,Douarnenez,Brest,Quimper,Pont-L'abbe,Concarneau
56250,Théhillac,Redon,St-Nazaire,Ploermel,Vannes,Chateaubriant
56251,Theix-Noyalo,Vannes,Auray,Ploermel,Redon,St-Nazaire
35334,Thorigné-Fouillard,Rennes,Vitre,Fougeres,Dinan,Chateaubriant
35335,Thourie,Chateaubriant,Vitre,Rennes,Redon,Laval
35337,Tinténiac,Dinan,Rennes,St-Malo,Fougeres,Vitre
22340,Tonquédec,Lannion,Guingamp,Paimpol,Morlaix,Carhaix
35338,Torcé,Vitre,Rennes,Fougeres,Laval,Chateaubriant
29281,Tourch,Concarneau,Quimper,Quimperle,Carhaix,Pont-L'abbe
22341,Tramain,Dinan,St-Brieuc,St-Malo,Ploermel,Pontivy
35339,Trans-la-Forêt,Avranches,Dinan,Fougeres,St-Malo,St-Hilaire-Du-Harcouet
56253,Tréal,Ploermel,Redon,Vannes,Rennes,Pontivy
29282,Trébabu,Brest,Douarnenez,Quimper,Pont-L'abbe,Morlaix
22342,Trébédan,Dinan,St-Malo,St-Brieuc,Rennes,Ploermel
22343,Trébeurden,Lannion,Morlaix,Guingamp,Paimpol,Carhaix
22344,Trébrivan,Carhaix,Guingamp,Morlaix,Lannion,Quimperle
22345,Trébry,St-Brieuc,Dinan,Pontivy,Ploermel,Guingamp
22346,Trédaniel,St-Brieuc,Pontivy,Dinan,Guingamp,Ploermel
22347,Trédarzec,Paimpol,Lannion,Guingamp,St-Brieuc,Morlaix
22348,Trédias,Dinan,St-Malo,St-Brieuc,Rennes,Ploermel
56254,Trédion,Vannes,Ploermel,Auray,Pontivy,Redon
22349,Trédrez-Locquémeau,Lannion,Morlaix,Guingamp,Paimpol,Carhaix
22350,Tréduder,Lannion,Morlaix,Guingamp,Paimpol,Carhaix
35340,Treffendel,Rennes,Ploermel,Redon,Dinan,Chateaubriant
29284,Treffiagat,Pont-L'abbe,Quimper,Concarneau,Douarnenez,Quimperle
56255,Treffléan,Vannes,Auray,Ploermel,Redon,Pontivy
22351,Treffrin,Carhaix,Morlaix,Guingamp,Lannion,Quimperle
29285,Tréflaouénan,Morlaix,Brest,Lannion,Carhaix,Douarnenez
29286,Tréflévénez,Brest,Morlaix,Douarnenez,Carhaix,Quimper
29287,Tréflez,Brest,Morlaix,Lannion,Douarnenez,Carhaix
22352,Tréfumel,Dinan,St-Malo,Rennes,Ploermel,St-Brieuc
29288,Trégarantec,Brest,Morlaix,Douarnenez,Carhaix,Lannion
29289,Trégarvan,Douarnenez,Brest,Quimper,Pont-L'abbe,Morlaix
22353,Trégastel,Lannion,Paimpol,Morlaix,Guingamp,Carhaix
22354,Tréglamus,Guingamp,Lannion,Paimpol,St-Brieuc,Carhaix
29290,Tréglonou,Brest,Morlaix,Douarnenez,Quimper,Carhaix
22356,Trégomeur,St-Brieuc,Guingamp,Paimpol,Lannion,Pontivy
22358,Trégonneau,Guingamp,Paimpol,Lannion,St-Brieuc,Carhaix
29291,Trégourez,Quimper,Concarneau,Carhaix,Douarnenez,Quimperle
22359,Trégrom,Lannion,Guingamp,Morlaix,Paimpol,Carhaix
29292,Tréguennec,Pont-L'abbe,Quimper,Douarnenez,Concarneau,Brest
22360,Trégueux,St-Brieuc,Guingamp,Paimpol,Pontivy,Dinan
22361,Tréguidel,Guingamp,St-Brieuc,Paimpol,Lannion,Carhaix
22362,Tréguier,Paimpol,Lannion,Guingamp,St-Brieuc,Morlaix
29293,Trégunc,Concarneau,Quimperle,Quimper,Pont-L'abbe,Lorient
56256,Tréhorenteuc,Ploermel,Redon,Pontivy,Rennes,Vannes
22363,Trélévern,Lannion,Paimpol,Guingamp,Morlaix,St-Brieuc
22364,Trélivan,Dinan,St-Malo,Rennes,St-Brieuc,Ploermel
29295,Trémaouézan,Brest,Morlaix,Douarnenez,Carhaix,Quimper
22365,Trémargat,Carhaix,Guingamp,Pontivy,St-Brieuc,Lannion
35342,Trémeheuc,Dinan,St-Malo,Rennes,Avranches,Fougeres
22366,Trémel,Morlaix,Lannion,Guingamp,Carhaix,Paimpol
29296,Tréméoc,Pont-L'abbe,Quimper,Douarnenez,Concarneau,Quimperle
22368,Tréméreuc,St-Malo,Dinan,St-Brieuc,Avranches,Rennes
22369,Trémeur,Dinan,St-Malo,St-Brieuc,Ploermel,Rennes
22370,Tréméven,Quimperle,Paimpol,Guingamp,Lorient,Concarneau
29297,Tréméven,St-Brieuc,Lannion,Carhaix,Quimper,Carhaix
22371,Trémorel,Ploermel,Dinan,Rennes,Pontivy,St-Brieuc
22372,Trémuson,St-Brieuc,Guingamp,Paimpol,Lannion,Pontivy
22373,Tréogan,Carhaix,Quimperle,Concarneau,Quimper,Morlaix
29298,Tréogat,Pont-L'abbe,Douarnenez,Quimper,Concarneau,Brest
29299,Tréouergat,Brest,Douarnenez,Morlaix,Quimper,Pont-L'abbe
35343,Tresbœuf,Chateaubriant,Rennes,Vitre,Redon,Fougeres
22375,Tressignaux,Guingamp,Paimpol,St-Brieuc,Lannion,Carhaix
22376,Trévé,Pontivy,St-Brieuc,Ploermel,Guingamp,Carhaix
22377,Tréveneuc,Paimpol,St-Brieuc,Guingamp,Lannion,St-Malo
22378,Trévérec,Guingamp,Paimpol,St-Brieuc,Lannion,Carhaix
35345,Trévérien,Dinan,St-Malo,Rennes,Fougeres,Avranches
22379,Trévou-Tréguignec,Lannion,Paimpol,Guingamp,Morlaix,St-Brieuc
22380,Trévron,Dinan,St-Malo,Rennes,St-Brieuc,Ploermel
22381,Trézény,Lannion,Paimpol,Guingamp,Morlaix,St-Brieuc
29301,Trézilidé,Morlaix,Brest,Lannion,Carhaix,Douarnenez
35346,Trimer,Dinan,Rennes,St-Malo,Fougeres,Vitre
22383,Troguéry,Paimpol,Lannion,Guingamp,St-Brieuc,Morlaix
22384,Uzel,Pontivy,St-Brieuc,Guingamp,Ploermel,Carhaix
35168,Val d'Anast,Redon,Ploermel,Rennes,Chateaubriant,Dinan
56197,Val d'Oust,Ploermel,Vannes,Redon,Pontivy,Auray
35004,Val-Couesnon,Fougeres,Avranches,St-Hilaire-Du-Harcouet,Vitre,Rennes
35347,Val-d'Izé,Vitre,Fougeres,Rennes,Laval,St-Hilaire-Du-Harcouet
56260,Vannes,Vannes,Auray,Ploermel,Lorient,Pontivy
35350,Vergéal,Vitre,Rennes,Laval,Chateaubriant,Fougeres
35352,Vern-sur-Seiche,Rennes,Vitre,Chateaubriant,Fougeres,Dinan
35353,Vezin-le-Coquet,Rennes,Vitre,Dinan,Fougeres,Chateaubriant
35354,Vieux-Viel,Avranches,Fougeres,St-Hilaire-Du-Harcouet,St-Malo,Dinan
35355,Vieux-Vy-sur-Couesnon,Fougeres,Rennes,Vitre,St-Hilaire-Du-Harcouet,Avranches
35356,Vignoc,Rennes,Dinan,Vitre,Fougeres,St-Malo
22388,Vildé-Guingalan,Dinan,St-Malo,St-Brieuc,Rennes,Ploermel
35357,Villamée,Fougeres,St-Hilaire-Du-Harcouet,Avranches,Vitre,Mayennes
35359,Visseiche,Vitre,Chateaubriant,Rennes,Laval,Fougeres
35360,Vitré,Vitre,Fougeres,Laval,Rennes,Chateaubriant
22389,Yffiniac,St-Brieuc,Guingamp,Paimpol,Dinan,Pontivy
22390,Yvias,Paimpol,Guingamp,Lannion,St-Brieuc,Morlaix
22391,Yvignac-la-Tour,Dinan,St-Malo,Rennes,St-Brieuc,Ploermel
